{"type":"View","props":{"width":720,"height":1280},"compId":2,"child":[{"type":"Image","props":{"var":"Background","top":0,"skin":"Frame/UI/ui_orthogon_white.png","sizeGrid":"16,15,18,8","right":0,"name":"Background","left":0,"bottom":0},"compId":11},{"type":"Image","props":{"y":0,"x":0,"width":720,"var":"DrawRoot","name":"DrawRoot","height":1280},"compId":13,"child":[{"type":"Image","props":{"y":323,"x":303,"width":680,"rotation":0,"pivotY":180,"pivotX":283,"name":"Wugui","height":443},"compId":145,"child":[{"type":"Image","props":{"zOrder":91,"y":214,"x":150,"width":135,"var":"Draw12","skin":"Game/UI/GameScene/Level2/weimask.png","rotation":0,"pivotY":50,"pivotX":135,"name":"Draw12","height":99},"compId":105,"child":[{"type":"Image","props":{"skin":"Game/UI/GameScene/Level2/weimask.png","renderType":"mask"},"compId":137},{"type":"Image","props":{"y":0,"x":0,"skin":"Game/UI/GameScene/Level2/wei.png","name":"Pic"},"compId":133}]},{"type":"Image","props":{"zOrder":92,"y":250,"x":183,"width":111,"var":"Draw11","skin":"Game/UI/GameScene/Level2/houtuimask.png","rotation":13,"pivotX":56,"name":"Draw11","height":142},"compId":101,"child":[{"type":"Image","props":{"y":0,"x":0,"skin":"Game/UI/GameScene/Level2/houtui2.png","name":"Pic"},"compId":122},{"type":"Image","props":{"y":0,"x":0,"skin":"Game/UI/GameScene/Level2/houtui2mask.png","renderType":"mask"},"compId":140}]},{"type":"Image","props":{"zOrder":96,"y":262,"x":221,"width":111,"var":"Draw9","skin":"Game/UI/GameScene/Level2/houtui2mask.png","rotation":-5,"pivotX":56,"name":"Draw9","height":142},"compId":100,"child":[{"type":"Image","props":{"y":0,"x":0,"skin":"Game/UI/GameScene/Level2/houtui.png","name":"Pic"},"compId":120},{"type":"Image","props":{"skin":"Game/UI/GameScene/Level2/houtuimask.png","renderType":"mask"},"compId":141}]},{"type":"Image","props":{"zOrder":93,"y":266,"x":357,"width":113,"var":"Draw10","skin":"Game/UI/GameScene/Level2/qiantuimask.png","rotation":15,"pivotX":57,"name":"Draw10","height":142},"compId":103,"child":[{"type":"Image","props":{"y":0,"x":0,"skin":"Game/UI/GameScene/Level2/qiantui.png","name":"Pic"},"compId":124},{"type":"Image","props":{"skin":"Game/UI/GameScene/Level2/qiantui2mask.png","renderType":"mask"},"compId":142}]},{"type":"Image","props":{"zOrder":95,"y":265,"x":399,"width":113,"var":"Draw8","skin":"Game/UI/GameScene/Level2/qiantui2mask.png","rotation":-7,"pivotX":57,"name":"Draw8","height":142},"compId":129,"child":[{"type":"Image","props":{"y":0,"x":0,"skin":"Game/UI/GameScene/Level2/qiantui2.png","name":"Pic"},"compId":131},{"type":"Image","props":{"skin":"Game/UI/GameScene/Level2/qiantuimask.png","renderType":"mask"},"compId":143}]},{"type":"Image","props":{"zOrder":100,"y":189,"x":290,"width":397,"pivotY":147,"pivotX":199,"name":"Body","height":273},"compId":168,"child":[{"type":"Image","props":{"zOrder":96,"y":122,"x":199,"width":397,"var":"Draw3","skin":"Game/UI/GameScene/Level2/guikemask.png","pivotY":139,"pivotX":199,"name":"Draw3","height":294},"compId":97,"child":[{"type":"Image","props":{"skin":"Game/UI/GameScene/Level2/guikemask.png"},"compId":147},{"type":"Image","props":{"y":0,"x":0,"skin":"Game/UI/GameScene/Level2/guike.png","name":"Pic"},"compId":128},{"type":"Image","props":{"skin":"Game/UI/GameScene/Level2/guikemask.png","renderType":"mask"},"compId":146}]},{"type":"Image","props":{"zOrder":100,"y":120,"x":13,"var":"Draw7","skin":"Game/UI/GameScene/Level2/guixian4mask.png","name":"Draw7"},"compId":163,"child":[{"type":"Image","props":{"skin":"Game/UI/GameScene/Level2/guixian4mask.png","renderType":"mask"},"compId":166},{"type":"Image","props":{"skin":"Game/UI/GameScene/Level2/guiixan4.png","name":"Pic"},"compId":167}]},{"type":"Image","props":{"zOrder":99,"y":44,"x":50,"var":"Draw6","skin":"Game/UI/GameScene/Level2/guixian3mask.png","name":"Draw6"},"compId":162,"child":[{"type":"Image","props":{"y":0,"x":0,"skin":"Game/UI/GameScene/Level2/guixian3mask.png","renderType":"mask"},"compId":164},{"type":"Image","props":{"skin":"Game/UI/GameScene/Level2/guixian3.png","name":"Pic"},"compId":165}]},{"type":"Image","props":{"zOrder":98,"y":-20,"x":196,"var":"Draw5","skin":"Game/UI/GameScene/Level2/guixian2mask.png","name":"Draw5"},"compId":152,"child":[{"type":"Image","props":{"y":0,"x":0,"skin":"Game/UI/GameScene/Level2/guixian2mask.png","renderType":"mask"},"compId":153},{"type":"Image","props":{"skin":"Game/UI/GameScene/Level2/guixian2.png","name":"Pic"},"compId":154}]},{"type":"Image","props":{"zOrder":97,"y":-20,"x":79,"var":"Draw4","skin":"Game/UI/GameScene/Level2/guixianmask.png","name":"Draw4"},"compId":148,"child":[{"type":"Image","props":{"y":0,"x":0,"skin":"Game/UI/GameScene/Level2/guixianmask.png","renderType":"mask"},"compId":151},{"type":"Image","props":{"skin":"Game/UI/GameScene/Level2/guixian.png","name":"Pic"},"compId":150}]}]},{"type":"Image","props":{"zOrder":99,"y":179,"x":410,"width":264,"var":"Head","scaleY":1,"scaleX":1,"rotation":9,"pivotY":109,"name":"Head","height":218},"compId":136,"child":[{"type":"Image","props":{"zOrder":98,"y":156,"x":33,"width":254,"var":"Draw1","skin":"Game/UI/GameScene/Level2/guitoumask.png","pivotY":156,"pivotX":22,"name":"Draw1","height":217},"compId":104,"child":[{"type":"Image","props":{"y":0,"x":0,"skin":"Game/UI/GameScene/Level2/guitou.png","name":"Pic"},"compId":135},{"type":"Image","props":{"skin":"Game/UI/GameScene/Level2/guitoumask.png","renderType":"mask"},"compId":138}]},{"type":"Image","props":{"zOrder":99,"y":69,"x":178,"width":27,"skin":"Game/UI/GameScene/Level2/yan2.png","scaleY":1,"scaleX":1,"pivotY":14,"pivotX":14,"name":"Eye1","height":27},"compId":108},{"type":"Image","props":{"zOrder":99,"y":71,"x":120,"width":27,"skin":"Game/UI/GameScene/Level2/yan.png","scaleY":1,"pivotY":14,"pivotX":14,"name":"Eye2","height":27},"compId":107},{"type":"Image","props":{"zOrder":100,"y":151,"x":152,"width":134,"var":"Draw2","skin":"Game/UI/GameScene/Level2/zuimask.png","pivotY":67,"pivotX":67,"name":"Draw2","height":97},"compId":112,"child":[{"type":"Image","props":{"y":0,"x":-4,"skin":"Game/UI/GameScene/Level2/zui.png","name":"Pic"},"compId":113},{"type":"Image","props":{"skin":"Game/UI/GameScene/Level2/zuimask.png","renderType":"mask"},"compId":139}]}]}]}]}],"animations":[{"nodes":[{"target":136,"keyframes":{"y":[{"value":179,"tweenMethod":"linearNone","tween":true,"target":136,"key":"y","index":0},{"value":179,"tweenMethod":"linearNone","tween":true,"target":136,"key":"y","index":10},{"value":179,"tweenMethod":"linearNone","tween":true,"target":136,"label":null,"key":"y","index":20},{"value":179,"tweenMethod":"linearNone","tween":true,"target":136,"label":null,"key":"y","index":30},{"value":179,"tweenMethod":"linearNone","tween":true,"target":136,"label":null,"key":"y","index":50},{"value":221.5,"tweenMethod":"linearNone","tween":true,"target":136,"label":null,"key":"y","index":60},{"value":221.5,"tweenMethod":"linearNone","tween":true,"target":136,"key":"y","index":70},{"value":221.59259259259258,"tweenMethod":"linearNone","tween":true,"target":136,"key":"y","index":75},{"value":197,"tweenMethod":"linearNone","tween":true,"target":136,"key":"y","index":249},{"value":197,"tweenMethod":"linearNone","tween":true,"target":136,"key":"y","index":250},{"value":183.08000000000004,"tweenMethod":"linearNone","tween":true,"target":136,"key":"y","index":251},{"value":183.08000000000004,"tweenMethod":"linearNone","tween":true,"target":136,"label":null,"key":"y","index":270},{"value":275,"tweenMethod":"linearNone","tween":true,"target":136,"key":"y","index":280},{"value":275,"tweenMethod":"linearNone","tween":true,"target":136,"label":null,"key":"y","index":290},{"value":268,"tweenMethod":"linearNone","tween":true,"target":136,"key":"y","index":300},{"value":268,"tweenMethod":"linearNone","tween":true,"target":136,"key":"y","index":320},{"value":244,"tweenMethod":"linearNone","tween":true,"target":136,"label":null,"key":"y","index":330},{"value":244,"tweenMethod":"linearNone","tween":true,"target":136,"label":null,"key":"y","index":345},{"value":244,"tweenMethod":"linearNone","tween":true,"target":136,"label":null,"key":"y","index":355},{"value":244,"tweenMethod":"linearNone","tween":true,"target":136,"label":null,"key":"y","index":365},{"value":286.5,"tweenMethod":"linearNone","tween":true,"target":136,"key":"y","index":375},{"value":286.5,"tweenMethod":"linearNone","tween":true,"target":136,"label":null,"key":"y","index":405},{"value":286.5,"tweenMethod":"linearNone","tween":true,"target":136,"label":null,"key":"y","index":435},{"value":275,"tweenMethod":"linearNone","tween":true,"target":136,"key":"y","index":510},{"value":261.16666666666663,"tweenMethod":"linearNone","tween":true,"target":136,"key":"y","index":520},{"value":240,"tweenMethod":"linearNone","tween":true,"target":136,"key":"y","index":540},{"value":240,"tweenMethod":"linearNone","tween":true,"target":136,"label":null,"key":"y","index":546},{"value":154,"tweenMethod":"linearNone","tween":true,"target":136,"label":null,"key":"y","index":551},{"value":154,"tweenMethod":"linearNone","tween":true,"target":136,"label":null,"key":"y","index":561},{"value":154,"tweenMethod":"linearNone","tween":true,"target":136,"label":null,"key":"y","index":580},{"value":179,"tweenMethod":"linearNone","tween":true,"target":136,"label":null,"key":"y","index":600}],"x":[{"value":410,"tweenMethod":"linearNone","tween":true,"target":136,"key":"x","index":0},{"value":410,"tweenMethod":"linearNone","tween":true,"target":136,"key":"x","index":10},{"value":410,"tweenMethod":"linearNone","tween":true,"target":136,"label":null,"key":"x","index":20},{"value":410,"tweenMethod":"linearNone","tween":true,"target":136,"label":null,"key":"x","index":30},{"value":410,"tweenMethod":"linearNone","tween":true,"target":136,"label":null,"key":"x","index":50},{"value":206,"tweenMethod":"linearNone","tween":true,"target":136,"label":null,"key":"x","index":60},{"value":206,"tweenMethod":"linearNone","tween":true,"target":136,"key":"x","index":70},{"value":206,"tweenMethod":"linearNone","tween":true,"target":136,"key":"x","index":249},{"value":185,"tweenMethod":"linearNone","tween":true,"target":136,"key":"x","index":250},{"value":184.15999999999997,"tweenMethod":"linearNone","tween":true,"target":136,"key":"x","index":251},{"value":184.15999999999997,"tweenMethod":"linearNone","tween":true,"target":136,"label":null,"key":"x","index":270},{"value":371,"tweenMethod":"linearNone","tween":true,"target":136,"key":"x","index":280},{"value":371,"tweenMethod":"linearNone","tween":true,"target":136,"label":null,"key":"x","index":290},{"value":378,"tweenMethod":"linearNone","tween":true,"target":136,"key":"x","index":320},{"value":399,"tweenMethod":"linearNone","tween":true,"target":136,"label":null,"key":"x","index":330},{"value":399,"tweenMethod":"linearNone","tween":true,"target":136,"label":null,"key":"x","index":345},{"value":399,"tweenMethod":"linearNone","tween":true,"target":136,"label":null,"key":"x","index":355},{"value":399,"tweenMethod":"linearNone","tween":true,"target":136,"label":null,"key":"x","index":365},{"value":396.5,"tweenMethod":"linearNone","tween":true,"target":136,"key":"x","index":375},{"value":396.5,"tweenMethod":"linearNone","tween":true,"target":136,"label":null,"key":"x","index":405},{"value":396.5,"tweenMethod":"linearNone","tween":true,"target":136,"label":null,"key":"x","index":435},{"value":371,"tweenMethod":"linearNone","tween":true,"target":136,"key":"x","index":510},{"value":321,"tweenMethod":"linearNone","tween":true,"target":136,"key":"x","index":520},{"value":227.86,"tweenMethod":"linearNone","tween":true,"target":136,"key":"x","index":540},{"value":227.86,"tweenMethod":"linearNone","tween":true,"target":136,"label":null,"key":"x","index":546},{"value":181.2,"tweenMethod":"linearNone","tween":true,"target":136,"label":null,"key":"x","index":551},{"value":181.2,"tweenMethod":"linearNone","tween":true,"target":136,"label":null,"key":"x","index":561},{"value":181.2,"tweenMethod":"linearNone","tween":true,"target":136,"label":null,"key":"x","index":580},{"value":410,"tweenMethod":"linearNone","tween":true,"target":136,"label":null,"key":"x","index":600}],"scaleY":[{"value":1,"tweenMethod":"linearNone","tween":true,"target":136,"key":"scaleY","index":0},{"value":1,"tweenMethod":"linearNone","tween":true,"target":136,"key":"scaleY","index":249},{"value":1,"tweenMethod":"linearNone","tween":true,"target":136,"key":"scaleY","index":251},{"value":1,"tweenMethod":"linearNone","tween":true,"target":136,"label":null,"key":"scaleY","index":270},{"value":1,"tweenMethod":"linearNone","tween":true,"target":136,"key":"scaleY","index":280},{"value":1,"tweenMethod":"linearNone","tween":true,"target":136,"label":null,"key":"scaleY","index":290},{"value":1,"tweenMethod":"linearNone","tween":true,"target":136,"label":null,"key":"scaleY","index":330},{"value":1,"tweenMethod":"linearNone","tween":true,"target":136,"label":null,"key":"scaleY","index":345},{"value":1,"tweenMethod":"linearNone","tween":true,"target":136,"label":null,"key":"scaleY","index":355},{"value":1,"tweenMethod":"linearNone","tween":true,"target":136,"label":null,"key":"scaleY","index":365},{"value":1,"tweenMethod":"linearNone","tween":true,"target":136,"key":"scaleY","index":375},{"value":1,"tweenMethod":"linearNone","tween":true,"target":136,"label":null,"key":"scaleY","index":405},{"value":1,"tweenMethod":"linearNone","tween":true,"target":136,"label":null,"key":"scaleY","index":435},{"value":1,"tweenMethod":"linearNone","tween":true,"target":136,"key":"scaleY","index":455},{"value":1,"tweenMethod":"linearNone","tween":true,"target":136,"label":null,"key":"scaleY","index":500},{"value":1,"tweenMethod":"linearNone","tween":true,"target":136,"key":"scaleY","index":510},{"value":0,"tweenMethod":"linearNone","tween":true,"target":136,"key":"scaleY","index":540},{"value":0,"tweenMethod":"linearNone","tween":true,"target":136,"label":null,"key":"scaleY","index":546},{"value":1,"tweenMethod":"linearNone","tween":true,"target":136,"label":null,"key":"scaleY","index":600}],"scaleX":[{"value":1,"tweenMethod":"linearNone","tween":true,"target":136,"key":"scaleX","index":0},{"value":1,"tweenMethod":"linearNone","tween":true,"target":136,"key":"scaleX","index":249},{"value":1,"tweenMethod":"linearNone","tween":true,"target":136,"key":"scaleX","index":250},{"value":-1,"tweenMethod":"linearNone","tween":true,"target":136,"key":"scaleX","index":251},{"value":-1,"tweenMethod":"linearNone","tween":true,"target":136,"label":null,"key":"scaleX","index":270},{"value":-1,"tweenMethod":"linearNone","tween":true,"target":136,"key":"scaleX","index":280},{"value":-1,"tweenMethod":"linearNone","tween":true,"target":136,"label":null,"key":"scaleX","index":290},{"value":-1,"tweenMethod":"linearNone","tween":true,"target":136,"label":null,"key":"scaleX","index":330},{"value":-1,"tweenMethod":"linearNone","tween":true,"target":136,"label":null,"key":"scaleX","index":345},{"value":-1,"tweenMethod":"linearNone","tween":true,"target":136,"label":null,"key":"scaleX","index":355},{"value":-1,"tweenMethod":"linearNone","tween":true,"target":136,"label":null,"key":"scaleX","index":365},{"value":-1,"tweenMethod":"linearNone","tween":true,"target":136,"key":"scaleX","index":375},{"value":-1,"tweenMethod":"linearNone","tween":true,"target":136,"label":null,"key":"scaleX","index":405},{"value":-1,"tweenMethod":"linearNone","tween":true,"target":136,"label":null,"key":"scaleX","index":435},{"value":-1,"tweenMethod":"linearNone","tween":true,"target":136,"key":"scaleX","index":455},{"value":-1,"tweenMethod":"linearNone","tween":true,"target":136,"label":null,"key":"scaleX","index":500},{"value":-1,"tweenMethod":"linearNone","tween":true,"target":136,"key":"scaleX","index":510},{"value":0,"tweenMethod":"linearNone","tween":true,"target":136,"key":"scaleX","index":540},{"value":0,"tweenMethod":"linearNone","tween":true,"target":136,"label":null,"key":"scaleX","index":546},{"value":1,"tweenMethod":"linearNone","tween":true,"target":136,"label":null,"key":"scaleX","index":600}],"rotation":[{"value":9,"tweenMethod":"linearNone","tween":true,"target":136,"key":"rotation","index":0},{"value":-9,"tweenMethod":"linearNone","tween":true,"target":136,"key":"rotation","index":10},{"value":9,"tweenMethod":"linearNone","tween":true,"target":136,"label":null,"key":"rotation","index":20},{"value":-9,"tweenMethod":"linearNone","tween":true,"target":136,"label":null,"key":"rotation","index":30},{"value":-9,"tweenMethod":"linearNone","tween":true,"target":136,"label":null,"key":"rotation","index":50},{"value":0,"tweenMethod":"linearNone","tween":true,"target":136,"key":"rotation","index":249},{"value":0,"tweenMethod":"linearNone","tween":true,"target":136,"key":"rotation","index":250},{"value":180,"tweenMethod":"linearNone","tween":true,"target":136,"key":"rotation","index":251},{"value":180,"tweenMethod":"linearNone","tween":true,"target":136,"label":null,"key":"rotation","index":270},{"value":180,"tweenMethod":"linearNone","tween":true,"target":136,"key":"rotation","index":280},{"value":180,"tweenMethod":"linearNone","tween":true,"target":136,"label":null,"key":"rotation","index":290},{"value":201,"tweenMethod":"linearNone","tween":true,"target":136,"key":"rotation","index":300},{"value":201,"tweenMethod":"linearNone","tween":true,"target":136,"label":null,"key":"rotation","index":320},{"value":163,"tweenMethod":"linearNone","tween":true,"target":136,"label":null,"key":"rotation","index":330},{"value":163,"tweenMethod":"linearNone","tween":true,"target":136,"label":null,"key":"rotation","index":345},{"value":163,"tweenMethod":"linearNone","tween":true,"target":136,"label":null,"key":"rotation","index":355},{"value":163,"tweenMethod":"linearNone","tween":true,"target":136,"label":null,"key":"rotation","index":365},{"value":180,"tweenMethod":"linearNone","tween":true,"target":136,"key":"rotation","index":375},{"value":180,"tweenMethod":"linearNone","tween":true,"target":136,"label":null,"key":"rotation","index":405},{"value":180,"tweenMethod":"linearNone","tween":true,"target":136,"label":null,"key":"rotation","index":435},{"value":184,"tweenMethod":"linearNone","tween":true,"target":136,"key":"rotation","index":455},{"value":181,"tweenMethod":"linearNone","tween":true,"target":136,"label":null,"key":"rotation","index":500},{"value":198,"tweenMethod":"linearNone","tween":true,"target":136,"key":"rotation","index":510},{"value":9,"tweenMethod":"linearNone","tween":true,"target":136,"label":null,"key":"rotation","index":540},{"value":9,"tweenMethod":"linearNone","tween":true,"target":136,"label":null,"key":"rotation","index":546},{"value":9,"tweenMethod":"linearNone","tween":true,"target":136,"label":null,"key":"rotation","index":600}]}},{"target":108,"keyframes":{"scaleY":[{"value":1,"tweenMethod":"linearNone","tween":true,"target":108,"key":"scaleY","index":0},{"value":1,"tweenMethod":"linearNone","tween":true,"target":108,"key":"scaleY","index":10},{"value":1,"tweenMethod":"linearNone","tween":true,"target":108,"label":null,"key":"scaleY","index":20},{"value":1,"tweenMethod":"linearNone","tween":true,"target":108,"label":null,"key":"scaleY","index":30},{"value":0,"tweenMethod":"linearNone","tween":true,"target":108,"key":"scaleY","index":40},{"value":1,"tweenMethod":"linearNone","tween":true,"target":108,"label":null,"key":"scaleY","index":50},{"value":1,"tweenMethod":"linearNone","tween":true,"target":108,"label":null,"key":"scaleY","index":600}],"scaleX":[{"value":1,"tweenMethod":"linearNone","tween":true,"target":108,"key":"scaleX","index":0},{"value":1,"tweenMethod":"linearNone","tween":true,"target":108,"key":"scaleX","index":10},{"value":1,"tweenMethod":"linearNone","tween":true,"target":108,"label":null,"key":"scaleX","index":20},{"value":1,"tweenMethod":"linearNone","tween":true,"target":108,"label":null,"key":"scaleX","index":30},{"value":1,"tweenMethod":"linearNone","tween":true,"target":108,"label":null,"key":"scaleX","index":50},{"value":1,"tweenMethod":"linearNone","tween":true,"target":108,"label":null,"key":"scaleX","index":600}]}},{"target":107,"keyframes":{"scaleY":[{"value":1,"tweenMethod":"linearNone","tween":true,"target":107,"key":"scaleY","index":0},{"value":1,"tweenMethod":"linearNone","tween":true,"target":107,"key":"scaleY","index":10},{"value":1,"tweenMethod":"linearNone","tween":true,"target":107,"label":null,"key":"scaleY","index":20},{"value":1,"tweenMethod":"linearNone","tween":true,"target":107,"label":null,"key":"scaleY","index":30},{"value":0,"tweenMethod":"linearNone","tween":true,"target":107,"key":"scaleY","index":40},{"value":1,"tweenMethod":"linearNone","tween":true,"target":107,"label":null,"key":"scaleY","index":50},{"value":1,"tweenMethod":"linearNone","tween":true,"target":107,"label":null,"key":"scaleY","index":600}]}},{"target":129,"keyframes":{"y":[{"value":265,"tweenMethod":"linearNone","tween":true,"target":129,"key":"y","index":0},{"value":265,"tweenMethod":"linearNone","tween":true,"target":129,"label":null,"key":"y","index":50},{"value":143,"tweenMethod":"linearNone","tween":true,"target":129,"label":null,"key":"y","index":60},{"value":143,"tweenMethod":"linearNone","tween":true,"target":129,"label":null,"key":"y","index":70},{"value":143.63793103448276,"tweenMethod":"linearNone","tween":true,"target":129,"key":"y","index":75},{"value":132.5,"tweenMethod":"linearNone","tween":true,"target":129,"key":"y","index":280},{"value":132.5,"tweenMethod":"linearNone","tween":true,"target":129,"label":null,"key":"y","index":290},{"value":132.5,"tweenMethod":"linearNone","tween":true,"target":129,"label":null,"key":"y","index":330},{"value":132.5,"tweenMethod":"linearNone","tween":true,"target":129,"label":null,"key":"y","index":355},{"value":132.5,"tweenMethod":"linearNone","tween":true,"target":129,"label":null,"key":"y","index":365},{"value":275,"tweenMethod":"linearNone","tween":true,"target":129,"key":"y","index":375},{"value":275,"tweenMethod":"linearNone","tween":true,"target":129,"label":null,"key":"y","index":405},{"value":275,"tweenMethod":"linearNone","tween":true,"target":129,"label":null,"key":"y","index":420},{"value":275,"tweenMethod":"linearNone","tween":true,"target":129,"label":null,"key":"y","index":435},{"value":275,"tweenMethod":"linearNone","tween":true,"target":129,"label":null,"key":"y","index":475},{"value":275,"tweenMethod":"linearNone","tween":true,"target":129,"key":"y","index":510},{"value":158.5,"tweenMethod":"linearNone","tween":true,"target":129,"key":"y","index":540},{"value":158.5,"tweenMethod":"linearNone","tween":true,"target":129,"label":null,"key":"y","index":546},{"value":158.5,"tweenMethod":"linearNone","tween":true,"target":129,"label":null,"key":"y","index":551},{"value":139,"tweenMethod":"linearNone","tween":true,"target":129,"key":"y","index":561},{"value":139,"tweenMethod":"linearNone","tween":true,"target":129,"label":null,"key":"y","index":580},{"value":265,"tweenMethod":"linearNone","tween":true,"target":129,"label":null,"key":"y","index":600}],"x":[{"value":399,"tweenMethod":"linearNone","tween":true,"target":129,"key":"x","index":0},{"value":399,"tweenMethod":"linearNone","tween":true,"target":129,"label":null,"key":"x","index":50},{"value":357,"tweenMethod":"linearNone","tween":true,"target":129,"label":null,"key":"x","index":60},{"value":357,"tweenMethod":"linearNone","tween":true,"target":129,"label":null,"key":"x","index":70},{"value":356.5,"tweenMethod":"linearNone","tween":true,"target":129,"key":"x","index":280},{"value":356.5,"tweenMethod":"linearNone","tween":true,"target":129,"label":null,"key":"x","index":290},{"value":356.5,"tweenMethod":"linearNone","tween":true,"target":129,"label":null,"key":"x","index":330},{"value":356.5,"tweenMethod":"linearNone","tween":true,"target":129,"label":null,"key":"x","index":355},{"value":356.5,"tweenMethod":"linearNone","tween":true,"target":129,"label":null,"key":"x","index":365},{"value":362,"tweenMethod":"linearNone","tween":true,"target":129,"key":"x","index":375},{"value":362,"tweenMethod":"linearNone","tween":true,"target":129,"label":null,"key":"x","index":405},{"value":362,"tweenMethod":"linearNone","tween":true,"target":129,"label":null,"key":"x","index":420},{"value":362,"tweenMethod":"linearNone","tween":true,"target":129,"label":null,"key":"x","index":435},{"value":362,"tweenMethod":"linearNone","tween":true,"target":129,"label":null,"key":"x","index":475},{"value":362,"tweenMethod":"linearNone","tween":true,"target":129,"key":"x","index":510},{"value":375.5,"tweenMethod":"linearNone","tween":true,"target":129,"key":"x","index":540},{"value":375.5,"tweenMethod":"linearNone","tween":true,"target":129,"label":null,"key":"x","index":546},{"value":375.5,"tweenMethod":"linearNone","tween":true,"target":129,"label":null,"key":"x","index":551},{"value":365,"tweenMethod":"linearNone","tween":true,"target":129,"key":"x","index":561},{"value":365,"tweenMethod":"linearNone","tween":true,"target":129,"label":null,"key":"x","index":580},{"value":399,"tweenMethod":"linearNone","tween":true,"target":129,"label":null,"key":"x","index":600}],"rotation":[{"value":-7,"tweenMethod":"linearNone","tween":true,"target":129,"key":"rotation","index":0},{"value":-7,"tweenMethod":"linearNone","tween":true,"target":129,"label":null,"key":"rotation","index":50},{"value":-7,"tweenMethod":"linearNone","tween":true,"target":129,"label":null,"key":"rotation","index":60},{"value":-7,"tweenMethod":"linearNone","tween":true,"target":129,"label":null,"key":"rotation","index":70},{"value":-17,"tweenMethod":"linearNone","tween":true,"target":129,"key":"rotation","index":375},{"value":6,"tweenMethod":"linearNone","tween":true,"target":129,"key":"rotation","index":390},{"value":-17,"tweenMethod":"linearNone","tween":true,"target":129,"label":null,"key":"rotation","index":405},{"value":0,"tweenMethod":"linearNone","tween":true,"target":129,"label":null,"key":"rotation","index":420},{"value":-39,"tweenMethod":"linearNone","tween":true,"target":129,"label":null,"key":"rotation","index":435},{"value":39,"tweenMethod":"linearNone","tween":true,"target":129,"key":"rotation","index":455},{"value":-39,"tweenMethod":"linearNone","tween":true,"target":129,"label":null,"key":"rotation","index":475},{"value":39,"tweenMethod":"linearNone","tween":true,"target":129,"label":null,"key":"rotation","index":490},{"value":-18,"tweenMethod":"linearNone","tween":true,"target":129,"label":null,"key":"rotation","index":500},{"value":37,"tweenMethod":"linearNone","tween":true,"target":129,"label":null,"key":"rotation","index":510},{"value":-7,"tweenMethod":"linearNone","tween":true,"target":129,"key":"rotation","index":540},{"value":-7,"tweenMethod":"linearNone","tween":true,"target":129,"label":null,"key":"rotation","index":546},{"value":-7,"tweenMethod":"linearNone","tween":true,"target":129,"label":null,"key":"rotation","index":551},{"value":-7,"tweenMethod":"linearNone","tween":true,"target":129,"label":null,"key":"rotation","index":600}]}},{"target":103,"keyframes":{"y":[{"value":266,"tweenMethod":"linearNone","tween":true,"target":103,"key":"y","index":0},{"value":266,"tweenMethod":"linearNone","tween":true,"target":103,"label":null,"key":"y","index":50},{"value":150.5,"tweenMethod":"linearNone","tween":true,"target":103,"label":null,"key":"y","index":60},{"value":150.5,"tweenMethod":"linearNone","tween":true,"target":103,"label":null,"key":"y","index":70},{"value":151.93103448275863,"tweenMethod":"linearNone","tween":true,"target":103,"key":"y","index":75},{"value":163,"tweenMethod":"linearNone","tween":true,"target":103,"key":"y","index":280},{"value":163,"tweenMethod":"linearNone","tween":true,"target":103,"label":null,"key":"y","index":290},{"value":163,"tweenMethod":"linearNone","tween":true,"target":103,"label":null,"key":"y","index":330},{"value":163,"tweenMethod":"linearNone","tween":true,"target":103,"label":null,"key":"y","index":355},{"value":163,"tweenMethod":"linearNone","tween":true,"target":103,"label":null,"key":"y","index":365},{"value":263,"tweenMethod":"linearNone","tween":true,"target":103,"label":null,"key":"y","index":375},{"value":263,"tweenMethod":"linearNone","tween":true,"target":103,"label":null,"key":"y","index":405},{"value":263,"tweenMethod":"linearNone","tween":true,"target":103,"label":null,"key":"y","index":420},{"value":263,"tweenMethod":"linearNone","tween":true,"target":103,"label":null,"key":"y","index":435},{"value":263,"tweenMethod":"linearNone","tween":true,"target":103,"label":null,"key":"y","index":475},{"value":263,"tweenMethod":"linearNone","tween":true,"target":103,"key":"y","index":510},{"value":158.5,"tweenMethod":"linearNone","tween":true,"target":103,"key":"y","index":540},{"value":158.5,"tweenMethod":"linearNone","tween":true,"target":103,"label":null,"key":"y","index":546},{"value":158.5,"tweenMethod":"linearNone","tween":true,"target":103,"label":null,"key":"y","index":551},{"value":158.5,"tweenMethod":"linearNone","tween":true,"target":103,"label":null,"key":"y","index":556},{"value":158.5,"tweenMethod":"linearNone","tween":true,"target":103,"label":null,"key":"y","index":561},{"value":158.5,"tweenMethod":"linearNone","tween":true,"target":103,"label":null,"key":"y","index":580},{"value":266,"tweenMethod":"linearNone","tween":true,"target":103,"label":null,"key":"y","index":600}],"x":[{"value":357,"tweenMethod":"linearNone","tween":true,"target":103,"key":"x","index":0},{"value":357,"tweenMethod":"linearNone","tween":true,"target":103,"label":null,"key":"x","index":50},{"value":338,"tweenMethod":"linearNone","tween":true,"target":103,"label":null,"key":"x","index":60},{"value":338,"tweenMethod":"linearNone","tween":true,"target":103,"label":null,"key":"x","index":70},{"value":356.5,"tweenMethod":"linearNone","tween":true,"target":103,"key":"x","index":280},{"value":356.5,"tweenMethod":"linearNone","tween":true,"target":103,"label":null,"key":"x","index":290},{"value":356.5,"tweenMethod":"linearNone","tween":true,"target":103,"label":null,"key":"x","index":330},{"value":356.5,"tweenMethod":"linearNone","tween":true,"target":103,"label":null,"key":"x","index":355},{"value":356.5,"tweenMethod":"linearNone","tween":true,"target":103,"label":null,"key":"x","index":365},{"value":340,"tweenMethod":"linearNone","tween":true,"target":103,"label":null,"key":"x","index":375},{"value":340,"tweenMethod":"linearNone","tween":true,"target":103,"label":null,"key":"x","index":405},{"value":340,"tweenMethod":"linearNone","tween":true,"target":103,"label":null,"key":"x","index":420},{"value":340,"tweenMethod":"linearNone","tween":true,"target":103,"label":null,"key":"x","index":435},{"value":340,"tweenMethod":"linearNone","tween":true,"target":103,"label":null,"key":"x","index":475},{"value":340,"tweenMethod":"linearNone","tween":true,"target":103,"key":"x","index":510},{"value":340,"tweenMethod":"linearNone","tween":true,"target":103,"key":"x","index":540},{"value":340,"tweenMethod":"linearNone","tween":true,"target":103,"label":null,"key":"x","index":546},{"value":340,"tweenMethod":"linearNone","tween":true,"target":103,"label":null,"key":"x","index":551},{"value":340,"tweenMethod":"linearNone","tween":true,"target":103,"label":null,"key":"x","index":556},{"value":340,"tweenMethod":"linearNone","tween":true,"target":103,"label":null,"key":"x","index":561},{"value":340,"tweenMethod":"linearNone","tween":true,"target":103,"label":null,"key":"x","index":580},{"value":357,"tweenMethod":"linearNone","tween":true,"target":103,"label":null,"key":"x","index":600}],"rotation":[{"value":15,"tweenMethod":"linearNone","tween":true,"target":103,"key":"rotation","index":0},{"value":15,"tweenMethod":"linearNone","tween":true,"target":103,"label":null,"key":"rotation","index":50},{"value":15,"tweenMethod":"linearNone","tween":true,"target":103,"label":null,"key":"rotation","index":60},{"value":15,"tweenMethod":"linearNone","tween":true,"target":103,"label":null,"key":"rotation","index":70},{"value":-1,"tweenMethod":"linearNone","tween":true,"target":103,"label":null,"key":"rotation","index":375},{"value":21,"tweenMethod":"linearNone","tween":true,"target":103,"key":"rotation","index":390},{"value":-1,"tweenMethod":"linearNone","tween":true,"target":103,"label":null,"key":"rotation","index":405},{"value":13,"tweenMethod":"linearNone","tween":true,"target":103,"label":null,"key":"rotation","index":420},{"value":-17,"tweenMethod":"linearNone","tween":true,"target":103,"label":null,"key":"rotation","index":435},{"value":43,"tweenMethod":"linearNone","tween":true,"target":103,"key":"rotation","index":455},{"value":-17,"tweenMethod":"linearNone","tween":true,"target":103,"label":null,"key":"rotation","index":475},{"value":43,"tweenMethod":"linearNone","tween":true,"target":103,"label":null,"key":"rotation","index":490},{"value":-11,"tweenMethod":"linearNone","tween":true,"target":103,"label":null,"key":"rotation","index":500},{"value":-23,"tweenMethod":"linearNone","tween":true,"target":103,"label":null,"key":"rotation","index":510},{"value":15,"tweenMethod":"linearNone","tween":true,"target":103,"key":"rotation","index":540},{"value":15,"tweenMethod":"linearNone","tween":true,"target":103,"label":null,"key":"rotation","index":546},{"value":15,"tweenMethod":"linearNone","tween":true,"target":103,"label":null,"key":"rotation","index":551},{"value":15,"tweenMethod":"linearNone","tween":true,"target":103,"label":null,"key":"rotation","index":556},{"value":15,"tweenMethod":"linearNone","tween":true,"target":103,"label":null,"key":"rotation","index":561},{"value":15,"tweenMethod":"linearNone","tween":true,"target":103,"label":null,"key":"rotation","index":580},{"value":15,"tweenMethod":"linearNone","tween":true,"target":103,"label":null,"key":"rotation","index":600}]}},{"target":100,"keyframes":{"y":[{"value":262,"tweenMethod":"linearNone","tween":true,"target":100,"key":"y","index":0},{"value":262,"tweenMethod":"linearNone","tween":true,"target":100,"label":null,"key":"y","index":50},{"value":143,"tweenMethod":"linearNone","tween":true,"target":100,"label":null,"key":"y","index":60},{"value":143,"tweenMethod":"linearNone","tween":true,"target":100,"label":null,"key":"y","index":70},{"value":144.24137931034483,"tweenMethod":"linearNone","tween":true,"target":100,"key":"y","index":75},{"value":150,"tweenMethod":"linearNone","tween":true,"target":100,"key":"y","index":280},{"value":150,"tweenMethod":"linearNone","tween":true,"target":100,"label":null,"key":"y","index":290},{"value":150,"tweenMethod":"linearNone","tween":true,"target":100,"label":null,"key":"y","index":330},{"value":150,"tweenMethod":"linearNone","tween":true,"target":100,"label":null,"key":"y","index":355},{"value":150,"tweenMethod":"linearNone","tween":true,"target":100,"label":null,"key":"y","index":365},{"value":273,"tweenMethod":"linearNone","tween":true,"target":100,"key":"y","index":375},{"value":273,"tweenMethod":"linearNone","tween":true,"target":100,"label":null,"key":"y","index":405},{"value":273,"tweenMethod":"linearNone","tween":true,"target":100,"label":null,"key":"y","index":420},{"value":273,"tweenMethod":"linearNone","tween":true,"target":100,"label":null,"key":"y","index":435},{"value":273,"tweenMethod":"linearNone","tween":true,"target":100,"label":null,"key":"y","index":475},{"value":263,"tweenMethod":"linearNone","tween":true,"target":100,"key":"y","index":500},{"value":263,"tweenMethod":"linearNone","tween":true,"target":100,"key":"y","index":510},{"value":164,"tweenMethod":"linearNone","tween":true,"target":100,"key":"y","index":540},{"value":164,"tweenMethod":"linearNone","tween":true,"target":100,"label":null,"key":"y","index":546},{"value":164,"tweenMethod":"linearNone","tween":true,"target":100,"label":null,"key":"y","index":551},{"value":164,"tweenMethod":"linearNone","tween":true,"target":100,"label":null,"key":"y","index":556},{"value":164,"tweenMethod":"linearNone","tween":true,"target":100,"label":null,"key":"y","index":561},{"value":164,"tweenMethod":"linearNone","tween":true,"target":100,"label":null,"key":"y","index":580},{"value":262,"tweenMethod":"linearNone","tween":true,"target":100,"label":null,"key":"y","index":600}],"x":[{"value":221,"tweenMethod":"linearNone","tween":true,"target":100,"key":"x","index":0},{"value":221,"tweenMethod":"linearNone","tween":true,"target":100,"label":null,"key":"x","index":50},{"value":227,"tweenMethod":"linearNone","tween":true,"target":100,"label":null,"key":"x","index":60},{"value":227,"tweenMethod":"linearNone","tween":true,"target":100,"label":null,"key":"x","index":70},{"value":217,"tweenMethod":"linearNone","tween":true,"target":100,"key":"x","index":280},{"value":217,"tweenMethod":"linearNone","tween":true,"target":100,"label":null,"key":"x","index":290},{"value":217,"tweenMethod":"linearNone","tween":true,"target":100,"label":null,"key":"x","index":330},{"value":217,"tweenMethod":"linearNone","tween":true,"target":100,"label":null,"key":"x","index":355},{"value":217,"tweenMethod":"linearNone","tween":true,"target":100,"label":null,"key":"x","index":365},{"value":183.2,"tweenMethod":"linearNone","tween":true,"target":100,"key":"x","index":375},{"value":183.2,"tweenMethod":"linearNone","tween":true,"target":100,"label":null,"key":"x","index":405},{"value":183.2,"tweenMethod":"linearNone","tween":true,"target":100,"label":null,"key":"x","index":420},{"value":183.2,"tweenMethod":"linearNone","tween":true,"target":100,"label":null,"key":"x","index":435},{"value":183.2,"tweenMethod":"linearNone","tween":true,"target":100,"label":null,"key":"x","index":475},{"value":188,"tweenMethod":"linearNone","tween":true,"target":100,"key":"x","index":500},{"value":190,"tweenMethod":"linearNone","tween":true,"target":100,"key":"x","index":510},{"value":273,"tweenMethod":"linearNone","tween":true,"target":100,"key":"x","index":540},{"value":273,"tweenMethod":"linearNone","tween":true,"target":100,"label":null,"key":"x","index":546},{"value":273,"tweenMethod":"linearNone","tween":true,"target":100,"label":null,"key":"x","index":551},{"value":273,"tweenMethod":"linearNone","tween":true,"target":100,"label":null,"key":"x","index":556},{"value":273,"tweenMethod":"linearNone","tween":true,"target":100,"label":null,"key":"x","index":561},{"value":273,"tweenMethod":"linearNone","tween":true,"target":100,"label":null,"key":"x","index":580},{"value":221,"tweenMethod":"linearNone","tween":true,"target":100,"label":null,"key":"x","index":600}],"rotation":[{"value":-5,"tweenMethod":"linearNone","tween":true,"target":100,"key":"rotation","index":0},{"value":-5,"tweenMethod":"linearNone","tween":true,"target":100,"label":null,"key":"rotation","index":50},{"value":-5,"tweenMethod":"linearNone","tween":true,"target":100,"label":null,"key":"rotation","index":60},{"value":-5,"tweenMethod":"linearNone","tween":true,"target":100,"label":null,"key":"rotation","index":70},{"value":-10,"tweenMethod":"linearNone","tween":true,"target":100,"key":"rotation","index":375},{"value":8,"tweenMethod":"linearNone","tween":true,"target":100,"key":"rotation","index":390},{"value":-10,"tweenMethod":"linearNone","tween":true,"target":100,"label":null,"key":"rotation","index":405},{"value":0,"tweenMethod":"linearNone","tween":true,"target":100,"label":null,"key":"rotation","index":420},{"value":-36,"tweenMethod":"linearNone","tween":true,"target":100,"label":null,"key":"rotation","index":435},{"value":50,"tweenMethod":"linearNone","tween":true,"target":100,"key":"rotation","index":455},{"value":-36,"tweenMethod":"linearNone","tween":true,"target":100,"label":null,"key":"rotation","index":475},{"value":50,"tweenMethod":"linearNone","tween":true,"target":100,"label":null,"key":"rotation","index":490},{"value":-30,"tweenMethod":"linearNone","tween":true,"target":100,"label":null,"key":"rotation","index":500},{"value":43,"tweenMethod":"linearNone","tween":true,"target":100,"label":null,"key":"rotation","index":510},{"value":-5,"tweenMethod":"linearNone","tween":true,"target":100,"key":"rotation","index":540},{"value":-5,"tweenMethod":"linearNone","tween":true,"target":100,"label":null,"key":"rotation","index":546},{"value":-5,"tweenMethod":"linearNone","tween":true,"target":100,"label":null,"key":"rotation","index":551},{"value":-5,"tweenMethod":"linearNone","tween":true,"target":100,"label":null,"key":"rotation","index":556},{"value":-5,"tweenMethod":"linearNone","tween":true,"target":100,"label":null,"key":"rotation","index":561},{"value":-5,"tweenMethod":"linearNone","tween":true,"target":100,"label":null,"key":"rotation","index":580},{"value":-5,"tweenMethod":"linearNone","tween":true,"target":100,"label":null,"key":"rotation","index":600}]}},{"target":101,"keyframes":{"y":[{"value":250,"tweenMethod":"linearNone","tween":true,"target":101,"key":"y","index":0},{"value":250,"tweenMethod":"linearNone","tween":true,"target":101,"label":null,"key":"y","index":50},{"value":110,"tweenMethod":"linearNone","tween":true,"target":101,"label":null,"key":"y","index":60},{"value":110,"tweenMethod":"linearNone","tween":true,"target":101,"label":null,"key":"y","index":70},{"value":112.37931034482759,"tweenMethod":"linearNone","tween":true,"target":101,"key":"y","index":75},{"value":150,"tweenMethod":"linearNone","tween":true,"target":101,"key":"y","index":280},{"value":150,"tweenMethod":"linearNone","tween":true,"target":101,"label":null,"key":"y","index":290},{"value":150,"tweenMethod":"linearNone","tween":true,"target":101,"label":null,"key":"y","index":330},{"value":150,"tweenMethod":"linearNone","tween":true,"target":101,"label":null,"key":"y","index":355},{"value":150,"tweenMethod":"linearNone","tween":true,"target":101,"label":null,"key":"y","index":365},{"value":253.5,"tweenMethod":"linearNone","tween":true,"target":101,"key":"y","index":375},{"value":253.5,"tweenMethod":"linearNone","tween":true,"target":101,"label":null,"key":"y","index":405},{"value":253.5,"tweenMethod":"linearNone","tween":true,"target":101,"label":null,"key":"y","index":420},{"value":253.5,"tweenMethod":"linearNone","tween":true,"target":101,"label":null,"key":"y","index":435},{"value":253.5,"tweenMethod":"linearNone","tween":true,"target":101,"label":null,"key":"y","index":475},{"value":253.5,"tweenMethod":"linearNone","tween":true,"target":101,"key":"y","index":510},{"value":150.5,"tweenMethod":"linearNone","tween":true,"target":101,"key":"y","index":540},{"value":150.5,"tweenMethod":"linearNone","tween":true,"target":101,"label":null,"key":"y","index":546},{"value":150.5,"tweenMethod":"linearNone","tween":true,"target":101,"label":null,"key":"y","index":551},{"value":150.5,"tweenMethod":"linearNone","tween":true,"target":101,"label":null,"key":"y","index":556},{"value":150.5,"tweenMethod":"linearNone","tween":true,"target":101,"label":null,"key":"y","index":561},{"value":150.5,"tweenMethod":"linearNone","tween":true,"target":101,"label":null,"key":"y","index":580},{"value":250,"tweenMethod":"linearNone","tween":true,"target":101,"label":null,"key":"y","index":600}],"x":[{"value":183,"tweenMethod":"linearNone","tween":true,"target":101,"key":"x","index":0},{"value":183,"tweenMethod":"linearNone","tween":true,"target":101,"label":null,"key":"x","index":50},{"value":206,"tweenMethod":"linearNone","tween":true,"target":101,"label":null,"key":"x","index":60},{"value":206,"tweenMethod":"linearNone","tween":true,"target":101,"label":null,"key":"x","index":70},{"value":205,"tweenMethod":"linearNone","tween":true,"target":101,"key":"x","index":280},{"value":205,"tweenMethod":"linearNone","tween":true,"target":101,"label":null,"key":"x","index":290},{"value":205,"tweenMethod":"linearNone","tween":true,"target":101,"label":null,"key":"x","index":330},{"value":205,"tweenMethod":"linearNone","tween":true,"target":101,"label":null,"key":"x","index":355},{"value":205,"tweenMethod":"linearNone","tween":true,"target":101,"label":null,"key":"x","index":365},{"value":179,"tweenMethod":"linearNone","tween":true,"target":101,"key":"x","index":375},{"value":179,"tweenMethod":"linearNone","tween":true,"target":101,"label":null,"key":"x","index":405},{"value":179,"tweenMethod":"linearNone","tween":true,"target":101,"label":null,"key":"x","index":420},{"value":179,"tweenMethod":"linearNone","tween":true,"target":101,"label":null,"key":"x","index":435},{"value":179,"tweenMethod":"linearNone","tween":true,"target":101,"label":null,"key":"x","index":475},{"value":179,"tweenMethod":"linearNone","tween":true,"target":101,"key":"x","index":510},{"value":220.53870967741932,"tweenMethod":"linearNone","tween":true,"target":101,"key":"x","index":540},{"value":220.53870967741932,"tweenMethod":"linearNone","tween":true,"target":101,"label":null,"key":"x","index":546},{"value":220.53870967741932,"tweenMethod":"linearNone","tween":true,"target":101,"label":null,"key":"x","index":551},{"value":220.53870967741932,"tweenMethod":"linearNone","tween":true,"target":101,"label":null,"key":"x","index":556},{"value":220.53870967741932,"tweenMethod":"linearNone","tween":true,"target":101,"label":null,"key":"x","index":561},{"value":220.53870967741932,"tweenMethod":"linearNone","tween":true,"target":101,"label":null,"key":"x","index":580},{"value":183,"tweenMethod":"linearNone","tween":true,"target":101,"label":null,"key":"x","index":600}],"rotation":[{"value":13,"tweenMethod":"linearNone","tween":true,"target":101,"key":"rotation","index":0},{"value":13,"tweenMethod":"linearNone","tween":true,"target":101,"label":null,"key":"rotation","index":50},{"value":13,"tweenMethod":"linearNone","tween":true,"target":101,"label":null,"key":"rotation","index":60},{"value":13,"tweenMethod":"linearNone","tween":true,"target":101,"label":null,"key":"rotation","index":70},{"value":18,"tweenMethod":"linearNone","tween":true,"target":101,"key":"rotation","index":330},{"value":18,"tweenMethod":"linearNone","tween":true,"target":101,"label":null,"key":"rotation","index":355},{"value":18,"tweenMethod":"linearNone","tween":true,"target":101,"label":null,"key":"rotation","index":365},{"value":5,"tweenMethod":"linearNone","tween":true,"target":101,"key":"rotation","index":375},{"value":24,"tweenMethod":"linearNone","tween":true,"target":101,"key":"rotation","index":390},{"value":5,"tweenMethod":"linearNone","tween":true,"target":101,"label":null,"key":"rotation","index":405},{"value":18,"tweenMethod":"linearNone","tween":true,"target":101,"label":null,"key":"rotation","index":420},{"value":-3,"tweenMethod":"linearNone","tween":true,"target":101,"label":null,"key":"rotation","index":435},{"value":55,"tweenMethod":"linearNone","tween":true,"target":101,"key":"rotation","index":455},{"value":-3,"tweenMethod":"linearNone","tween":true,"target":101,"label":null,"key":"rotation","index":475},{"value":55,"tweenMethod":"linearNone","tween":true,"target":101,"label":null,"key":"rotation","index":490},{"value":-8,"tweenMethod":"linearNone","tween":true,"target":101,"label":null,"key":"rotation","index":500},{"value":-13,"tweenMethod":"linearNone","tween":true,"target":101,"label":null,"key":"rotation","index":510},{"value":13,"tweenMethod":"linearNone","tween":true,"target":101,"label":null,"key":"rotation","index":540},{"value":13,"tweenMethod":"linearNone","tween":true,"target":101,"label":null,"key":"rotation","index":546},{"value":13,"tweenMethod":"linearNone","tween":true,"target":101,"label":null,"key":"rotation","index":551},{"value":13,"tweenMethod":"linearNone","tween":true,"target":101,"label":null,"key":"rotation","index":556},{"value":13,"tweenMethod":"linearNone","tween":true,"target":101,"label":null,"key":"rotation","index":561},{"value":13,"tweenMethod":"linearNone","tween":true,"target":101,"label":null,"key":"rotation","index":580},{"value":13,"tweenMethod":"linearNone","tween":true,"target":101,"label":null,"key":"rotation","index":600}]}},{"target":145,"keyframes":{"y":[{"value":382,"tweenMethod":"linearNone","tween":true,"target":145,"key":"y","index":0},{"value":382,"tweenMethod":"linearNone","tween":true,"target":145,"label":null,"key":"y","index":50},{"value":382,"tweenMethod":"linearNone","tween":true,"target":145,"label":null,"key":"y","index":60},{"value":490,"tweenMethod":"linearNone","tween":true,"target":145,"key":"y","index":70},{"value":397,"tweenMethod":"linearNone","tween":true,"target":145,"key":"y","index":75},{"value":452,"tweenMethod":"linearNone","tween":true,"target":145,"label":null,"key":"y","index":80},{"value":396,"tweenMethod":"linearNone","tween":true,"target":145,"label":null,"key":"y","index":85},{"value":436,"tweenMethod":"linearNone","tween":true,"target":145,"label":null,"key":"y","index":90},{"value":569.8,"tweenMethod":"linearNone","tween":true,"target":145,"key":"y","index":110},{"value":570,"tweenMethod":"linearNone","tween":true,"target":145,"label":null,"key":"y","index":120},{"value":570,"tweenMethod":"linearNone","tween":true,"target":145,"label":null,"key":"y","index":130},{"value":570,"tweenMethod":"linearNone","tween":true,"target":145,"label":null,"key":"y","index":140},{"value":570,"tweenMethod":"linearNone","tween":true,"target":145,"label":null,"key":"y","index":150},{"value":570,"tweenMethod":"linearNone","tween":true,"target":145,"label":null,"key":"y","index":160},{"value":570,"tweenMethod":"linearNone","tween":true,"target":145,"label":null,"key":"y","index":170},{"value":570,"tweenMethod":"linearNone","tween":true,"target":145,"label":null,"key":"y","index":180},{"value":161,"tweenMethod":"linearNone","tween":true,"target":145,"key":"y","index":190},{"value":276.5,"tweenMethod":"linearNone","tween":true,"target":145,"key":"y","index":200},{"value":550,"tweenMethod":"linearNone","tween":true,"target":145,"key":"y","index":210},{"value":550,"tweenMethod":"linearNone","tween":true,"target":145,"key":"y","index":220},{"value":550,"tweenMethod":"linearNone","tween":true,"target":145,"key":"y","index":230},{"value":550,"tweenMethod":"linearNone","tween":true,"target":145,"key":"y","index":240},{"value":550,"tweenMethod":"linearNone","tween":true,"target":145,"key":"y","index":250},{"value":550,"tweenMethod":"linearNone","tween":true,"target":145,"label":null,"key":"y","index":270},{"value":550,"tweenMethod":"linearNone","tween":true,"target":145,"label":null,"key":"y","index":280},{"value":550,"tweenMethod":"linearNone","tween":true,"target":145,"label":null,"key":"y","index":290},{"value":550,"tweenMethod":"linearNone","tween":true,"target":145,"label":null,"key":"y","index":330},{"value":550,"tweenMethod":"linearNone","tween":true,"target":145,"label":null,"key":"y","index":355},{"value":550,"tweenMethod":"linearNone","tween":true,"target":145,"label":null,"key":"y","index":365},{"value":550,"tweenMethod":"linearNone","tween":true,"target":145,"key":"y","index":500},{"value":143,"tweenMethod":"linearNone","tween":true,"target":145,"key":"y","index":510},{"value":109,"tweenMethod":"linearNone","tween":true,"target":145,"key":"y","index":520},{"value":437,"tweenMethod":"linearNone","tween":true,"target":145,"key":"y","index":540},{"value":391,"tweenMethod":"linearNone","tween":true,"target":145,"label":null,"key":"y","index":546},{"value":441,"tweenMethod":"linearNone","tween":true,"target":145,"label":null,"key":"y","index":551},{"value":391,"tweenMethod":"linearNone","tween":true,"target":145,"label":null,"key":"y","index":556},{"value":441,"tweenMethod":"linearNone","tween":true,"target":145,"label":null,"key":"y","index":561},{"value":441,"tweenMethod":"linearNone","tween":true,"target":145,"label":null,"key":"y","index":580},{"value":382,"tweenMethod":"linearNone","tween":true,"target":145,"label":null,"key":"y","index":600}],"x":[{"value":304,"tweenMethod":"linearNone","tween":true,"target":145,"key":"x","index":0},{"value":304,"tweenMethod":"linearNone","tween":true,"target":145,"label":null,"key":"x","index":50},{"value":304,"tweenMethod":"linearNone","tween":true,"target":145,"label":null,"key":"x","index":60},{"value":304,"tweenMethod":"linearNone","tween":true,"target":145,"key":"x","index":70},{"value":317,"tweenMethod":"linearNone","tween":true,"target":145,"key":"x","index":80},{"value":317,"tweenMethod":"linearNone","tween":true,"target":145,"key":"x","index":90},{"value":303,"tweenMethod":"linearNone","tween":true,"target":145,"label":null,"key":"x","index":110},{"value":303,"tweenMethod":"linearNone","tween":true,"target":145,"label":null,"key":"x","index":120},{"value":303,"tweenMethod":"linearNone","tween":true,"target":145,"label":null,"key":"x","index":130},{"value":303,"tweenMethod":"linearNone","tween":true,"target":145,"label":null,"key":"x","index":140},{"value":303,"tweenMethod":"linearNone","tween":true,"target":145,"label":null,"key":"x","index":150},{"value":303,"tweenMethod":"linearNone","tween":true,"target":145,"label":null,"key":"x","index":160},{"value":303,"tweenMethod":"linearNone","tween":true,"target":145,"label":null,"key":"x","index":170},{"value":303,"tweenMethod":"linearNone","tween":true,"target":145,"label":null,"key":"x","index":180},{"value":254,"tweenMethod":"linearNone","tween":true,"target":145,"key":"x","index":190},{"value":397,"tweenMethod":"linearNone","tween":true,"target":145,"key":"x","index":210},{"value":397,"tweenMethod":"linearNone","tween":true,"target":145,"key":"x","index":220},{"value":397,"tweenMethod":"linearNone","tween":true,"target":145,"key":"x","index":230},{"value":397,"tweenMethod":"linearNone","tween":true,"target":145,"key":"x","index":240},{"value":397,"tweenMethod":"linearNone","tween":true,"target":145,"key":"x","index":250},{"value":397,"tweenMethod":"linearNone","tween":true,"target":145,"label":null,"key":"x","index":270},{"value":397,"tweenMethod":"linearNone","tween":true,"target":145,"label":null,"key":"x","index":280},{"value":397,"tweenMethod":"linearNone","tween":true,"target":145,"label":null,"key":"x","index":290},{"value":397,"tweenMethod":"linearNone","tween":true,"target":145,"label":null,"key":"x","index":330},{"value":397,"tweenMethod":"linearNone","tween":true,"target":145,"label":null,"key":"x","index":355},{"value":397,"tweenMethod":"linearNone","tween":true,"target":145,"label":null,"key":"x","index":365},{"value":397,"tweenMethod":"linearNone","tween":true,"target":145,"key":"x","index":500},{"value":293,"tweenMethod":"linearNone","tween":true,"target":145,"key":"x","index":510},{"value":384,"tweenMethod":"linearNone","tween":true,"target":145,"key":"x","index":520},{"value":325,"tweenMethod":"linearNone","tween":true,"target":145,"key":"x","index":540},{"value":325,"tweenMethod":"linearNone","tween":true,"target":145,"label":null,"key":"x","index":546},{"value":325,"tweenMethod":"linearNone","tween":true,"target":145,"label":null,"key":"x","index":551},{"value":325,"tweenMethod":"linearNone","tween":true,"target":145,"label":null,"key":"x","index":556},{"value":325,"tweenMethod":"linearNone","tween":true,"target":145,"label":null,"key":"x","index":561},{"value":325,"tweenMethod":"linearNone","tween":true,"target":145,"label":null,"key":"x","index":580},{"value":304,"tweenMethod":"linearNone","tween":true,"target":145,"label":null,"key":"x","index":600}],"rotation":[{"value":0,"tweenMethod":"linearNone","tween":true,"target":145,"key":"rotation","index":0},{"value":0,"tweenMethod":"linearNone","tween":true,"target":145,"label":null,"key":"rotation","index":50},{"value":0,"tweenMethod":"linearNone","tween":true,"target":145,"label":null,"key":"rotation","index":60},{"value":0,"tweenMethod":"linearNone","tween":true,"target":145,"key":"rotation","index":70},{"value":3,"tweenMethod":"linearNone","tween":true,"target":145,"key":"rotation","index":75},{"value":-3,"tweenMethod":"linearNone","tween":true,"target":145,"key":"rotation","index":80},{"value":0,"tweenMethod":"linearNone","tween":true,"target":145,"label":null,"key":"rotation","index":85},{"value":0,"tweenMethod":"linearNone","tween":true,"target":145,"label":null,"key":"rotation","index":90},{"value":0,"tweenMethod":"linearNone","tween":true,"target":145,"label":null,"key":"rotation","index":110},{"value":0,"tweenMethod":"linearNone","tween":true,"target":145,"label":null,"key":"rotation","index":120},{"value":0,"tweenMethod":"linearNone","tween":true,"target":145,"label":null,"key":"rotation","index":130},{"value":10,"tweenMethod":"linearNone","tween":true,"target":145,"label":null,"key":"rotation","index":140},{"value":-10,"tweenMethod":"linearNone","tween":true,"target":145,"label":null,"key":"rotation","index":150},{"value":10,"tweenMethod":"linearNone","tween":true,"target":145,"label":null,"key":"rotation","index":160},{"value":-10,"tweenMethod":"linearNone","tween":true,"target":145,"label":null,"key":"rotation","index":170},{"value":12,"tweenMethod":"linearNone","tween":true,"target":145,"label":null,"key":"rotation","index":180},{"value":-172,"tweenMethod":"linearNone","tween":true,"target":145,"key":"rotation","index":210},{"value":-193,"tweenMethod":"linearNone","tween":true,"target":145,"key":"rotation","index":220},{"value":-170,"tweenMethod":"linearNone","tween":true,"target":145,"key":"rotation","index":230},{"value":-189,"tweenMethod":"linearNone","tween":true,"target":145,"key":"rotation","index":240},{"value":-180,"tweenMethod":"linearNone","tween":true,"target":145,"key":"rotation","index":250},{"value":-180,"tweenMethod":"linearNone","tween":true,"target":145,"label":null,"key":"rotation","index":270},{"value":-187,"tweenMethod":"linearNone","tween":true,"target":145,"label":null,"key":"rotation","index":280},{"value":-180,"tweenMethod":"linearNone","tween":true,"target":145,"label":null,"key":"rotation","index":290},{"value":-175,"tweenMethod":"linearNone","tween":true,"target":145,"key":"rotation","index":302},{"value":-182,"tweenMethod":"linearNone","tween":true,"target":145,"key":"rotation","index":320},{"value":-176,"tweenMethod":"linearNone","tween":true,"target":145,"label":null,"key":"rotation","index":330},{"value":-186,"tweenMethod":"linearNone","tween":true,"target":145,"label":null,"key":"rotation","index":355},{"value":-180,"tweenMethod":"linearNone","tween":true,"target":145,"label":null,"key":"rotation","index":365},{"value":-186,"tweenMethod":"linearNone","tween":true,"target":145,"key":"rotation","index":375},{"value":-171,"tweenMethod":"linearNone","tween":true,"target":145,"key":"rotation","index":390},{"value":-186,"tweenMethod":"linearNone","tween":true,"target":145,"label":null,"key":"rotation","index":405},{"value":-180,"tweenMethod":"linearNone","tween":true,"target":145,"label":null,"key":"rotation","index":420},{"value":-191,"tweenMethod":"linearNone","tween":true,"target":145,"label":null,"key":"rotation","index":435},{"value":-173,"tweenMethod":"linearNone","tween":true,"target":145,"key":"rotation","index":455},{"value":-196,"tweenMethod":"linearNone","tween":true,"target":145,"label":null,"key":"rotation","index":475},{"value":-173,"tweenMethod":"linearNone","tween":true,"target":145,"label":null,"key":"rotation","index":490},{"value":-194,"tweenMethod":"linearNone","tween":true,"target":145,"label":null,"key":"rotation","index":500},{"value":-89,"tweenMethod":"linearNone","tween":true,"target":145,"label":null,"key":"rotation","index":510},{"value":360,"tweenMethod":"linearNone","tween":true,"target":145,"key":"rotation","index":540},{"value":0,"tweenMethod":"linearNone","tween":true,"target":145,"key":"rotation","index":541},{"value":9,"tweenMethod":"linearNone","tween":true,"target":145,"label":null,"key":"rotation","index":546},{"value":0,"tweenMethod":"linearNone","tween":true,"target":145,"label":null,"key":"rotation","index":551},{"value":-9,"tweenMethod":"linearNone","tween":true,"target":145,"label":null,"key":"rotation","index":556},{"value":0,"tweenMethod":"linearNone","tween":true,"target":145,"label":null,"key":"rotation","index":561},{"value":0,"tweenMethod":"linearNone","tween":true,"target":145,"label":null,"key":"rotation","index":580},{"value":0,"tweenMethod":"linearNone","tween":true,"target":145,"label":null,"key":"rotation","index":600}],"pivotY":[{"value":239,"tweenMethod":"linearNone","tween":true,"target":145,"key":"pivotY","index":0},{"value":239,"tweenMethod":"linearNone","tween":true,"target":145,"label":null,"key":"pivotY","index":50},{"value":239,"tweenMethod":"linearNone","tween":true,"target":145,"label":null,"key":"pivotY","index":60},{"value":239,"tweenMethod":"linearNone","tween":true,"target":145,"key":"pivotY","index":70},{"value":181,"tweenMethod":"linearNone","tween":true,"target":145,"key":"pivotY","index":90},{"value":315,"tweenMethod":"linearNone","tween":true,"target":145,"label":null,"key":"pivotY","index":110},{"value":315,"tweenMethod":"linearNone","tween":true,"target":145,"label":null,"key":"pivotY","index":120},{"value":315,"tweenMethod":"linearNone","tween":true,"target":145,"label":null,"key":"pivotY","index":130},{"value":315,"tweenMethod":"linearNone","tween":true,"target":145,"label":null,"key":"pivotY","index":140},{"value":315,"tweenMethod":"linearNone","tween":true,"target":145,"label":null,"key":"pivotY","index":150},{"value":315,"tweenMethod":"linearNone","tween":true,"target":145,"label":null,"key":"pivotY","index":160},{"value":315,"tweenMethod":"linearNone","tween":true,"target":145,"label":null,"key":"pivotY","index":170},{"value":315,"tweenMethod":"linearNone","tween":true,"target":145,"label":null,"key":"pivotY","index":180},{"value":46,"tweenMethod":"linearNone","tween":true,"target":145,"key":"pivotY","index":190},{"value":39,"tweenMethod":"linearNone","tween":true,"target":145,"key":"pivotY","index":210},{"value":39,"tweenMethod":"linearNone","tween":true,"target":145,"key":"pivotY","index":220},{"value":39,"tweenMethod":"linearNone","tween":true,"target":145,"key":"pivotY","index":250},{"value":39,"tweenMethod":"linearNone","tween":true,"target":145,"label":null,"key":"pivotY","index":270},{"value":39,"tweenMethod":"linearNone","tween":true,"target":145,"label":null,"key":"pivotY","index":280},{"value":39,"tweenMethod":"linearNone","tween":true,"target":145,"label":null,"key":"pivotY","index":290},{"value":39,"tweenMethod":"linearNone","tween":true,"target":145,"label":null,"key":"pivotY","index":330},{"value":39,"tweenMethod":"linearNone","tween":true,"target":145,"label":null,"key":"pivotY","index":355},{"value":39,"tweenMethod":"linearNone","tween":true,"target":145,"label":null,"key":"pivotY","index":365},{"value":39,"tweenMethod":"linearNone","tween":true,"target":145,"key":"pivotY","index":375},{"value":39,"tweenMethod":"linearNone","tween":true,"target":145,"label":null,"key":"pivotY","index":405},{"value":39,"tweenMethod":"linearNone","tween":true,"target":145,"label":null,"key":"pivotY","index":420},{"value":39,"tweenMethod":"linearNone","tween":true,"target":145,"label":null,"key":"pivotY","index":435},{"value":39,"tweenMethod":"linearNone","tween":true,"target":145,"key":"pivotY","index":455},{"value":39,"tweenMethod":"linearNone","tween":true,"target":145,"label":null,"key":"pivotY","index":475},{"value":39,"tweenMethod":"linearNone","tween":true,"target":145,"label":null,"key":"pivotY","index":490},{"value":39,"tweenMethod":"linearNone","tween":true,"target":145,"key":"pivotY","index":500},{"value":184,"tweenMethod":"linearNone","tween":true,"target":145,"key":"pivotY","index":540},{"value":184,"tweenMethod":"linearNone","tween":true,"target":145,"label":null,"key":"pivotY","index":546},{"value":184,"tweenMethod":"linearNone","tween":true,"target":145,"label":null,"key":"pivotY","index":551},{"value":184,"tweenMethod":"linearNone","tween":true,"target":145,"label":null,"key":"pivotY","index":556},{"value":184,"tweenMethod":"linearNone","tween":true,"target":145,"label":null,"key":"pivotY","index":561},{"value":184,"tweenMethod":"linearNone","tween":true,"target":145,"label":null,"key":"pivotY","index":580},{"value":239,"tweenMethod":"linearNone","tween":true,"target":145,"label":null,"key":"pivotY","index":600}],"pivotX":[{"value":284,"tweenMethod":"linearNone","tween":true,"target":145,"key":"pivotX","index":0},{"value":284,"tweenMethod":"linearNone","tween":true,"target":145,"label":null,"key":"pivotX","index":50},{"value":284,"tweenMethod":"linearNone","tween":true,"target":145,"label":null,"key":"pivotX","index":60},{"value":284,"tweenMethod":"linearNone","tween":true,"target":145,"key":"pivotX","index":70},{"value":297,"tweenMethod":"linearNone","tween":true,"target":145,"key":"pivotX","index":90},{"value":283,"tweenMethod":"linearNone","tween":true,"target":145,"label":null,"key":"pivotX","index":110},{"value":283,"tweenMethod":"linearNone","tween":true,"target":145,"label":null,"key":"pivotX","index":120},{"value":283,"tweenMethod":"linearNone","tween":true,"target":145,"label":null,"key":"pivotX","index":130},{"value":283,"tweenMethod":"linearNone","tween":true,"target":145,"label":null,"key":"pivotX","index":140},{"value":283,"tweenMethod":"linearNone","tween":true,"target":145,"label":null,"key":"pivotX","index":150},{"value":283,"tweenMethod":"linearNone","tween":true,"target":145,"label":null,"key":"pivotX","index":160},{"value":283,"tweenMethod":"linearNone","tween":true,"target":145,"label":null,"key":"pivotX","index":170},{"value":283,"tweenMethod":"linearNone","tween":true,"target":145,"label":null,"key":"pivotX","index":180},{"value":294,"tweenMethod":"linearNone","tween":true,"target":145,"key":"pivotX","index":190},{"value":288,"tweenMethod":"linearNone","tween":true,"target":145,"key":"pivotX","index":210},{"value":288,"tweenMethod":"linearNone","tween":true,"target":145,"key":"pivotX","index":220},{"value":288,"tweenMethod":"linearNone","tween":true,"target":145,"key":"pivotX","index":250},{"value":288,"tweenMethod":"linearNone","tween":true,"target":145,"label":null,"key":"pivotX","index":270},{"value":288,"tweenMethod":"linearNone","tween":true,"target":145,"label":null,"key":"pivotX","index":280},{"value":288,"tweenMethod":"linearNone","tween":true,"target":145,"label":null,"key":"pivotX","index":290},{"value":288,"tweenMethod":"linearNone","tween":true,"target":145,"label":null,"key":"pivotX","index":330},{"value":288,"tweenMethod":"linearNone","tween":true,"target":145,"label":null,"key":"pivotX","index":355},{"value":288,"tweenMethod":"linearNone","tween":true,"target":145,"label":null,"key":"pivotX","index":365},{"value":288,"tweenMethod":"linearNone","tween":true,"target":145,"key":"pivotX","index":375},{"value":288,"tweenMethod":"linearNone","tween":true,"target":145,"label":null,"key":"pivotX","index":405},{"value":288,"tweenMethod":"linearNone","tween":true,"target":145,"label":null,"key":"pivotX","index":420},{"value":288,"tweenMethod":"linearNone","tween":true,"target":145,"label":null,"key":"pivotX","index":435},{"value":288,"tweenMethod":"linearNone","tween":true,"target":145,"key":"pivotX","index":455},{"value":288,"tweenMethod":"linearNone","tween":true,"target":145,"label":null,"key":"pivotX","index":475},{"value":288,"tweenMethod":"linearNone","tween":true,"target":145,"label":null,"key":"pivotX","index":490},{"value":288,"tweenMethod":"linearNone","tween":true,"target":145,"key":"pivotX","index":500},{"value":293,"tweenMethod":"linearNone","tween":true,"target":145,"key":"pivotX","index":540},{"value":293,"tweenMethod":"linearNone","tween":true,"target":145,"label":null,"key":"pivotX","index":546},{"value":293,"tweenMethod":"linearNone","tween":true,"target":145,"label":null,"key":"pivotX","index":551},{"value":293,"tweenMethod":"linearNone","tween":true,"target":145,"label":null,"key":"pivotX","index":556},{"value":293,"tweenMethod":"linearNone","tween":true,"target":145,"label":null,"key":"pivotX","index":561},{"value":293,"tweenMethod":"linearNone","tween":true,"target":145,"label":null,"key":"pivotX","index":580},{"value":284,"tweenMethod":"linearNone","tween":true,"target":145,"label":null,"key":"pivotX","index":600}]}},{"target":105,"keyframes":{"y":[{"value":214,"tweenMethod":"linearNone","tween":true,"target":105,"key":"y","index":0},{"value":214,"tweenMethod":"linearNone","tween":true,"target":105,"key":"y","index":10},{"value":228,"tweenMethod":"linearNone","tween":true,"target":105,"key":"y","index":20},{"value":214,"tweenMethod":"linearNone","tween":true,"target":105,"key":"y","index":30},{"value":215,"tweenMethod":"linearNone","tween":true,"target":105,"key":"y","index":75},{"value":214,"tweenMethod":"linearNone","tween":true,"target":105,"key":"y","index":90},{"value":214,"tweenMethod":"linearNone","tween":true,"target":105,"label":null,"key":"y","index":110},{"value":221.5,"tweenMethod":"linearNone","tween":true,"target":105,"key":"y","index":120},{"value":221.5,"tweenMethod":"linearNone","tween":true,"target":105,"label":null,"key":"y","index":130},{"value":225.5,"tweenMethod":"linearNone","tween":true,"target":105,"key":"y","index":330},{"value":225.5,"tweenMethod":"linearNone","tween":true,"target":105,"label":null,"key":"y","index":355},{"value":225.5,"tweenMethod":"linearNone","tween":true,"target":105,"label":null,"key":"y","index":365},{"value":225.5,"tweenMethod":"linearNone","tween":true,"target":105,"key":"y","index":375},{"value":225.5,"tweenMethod":"linearNone","tween":true,"target":105,"label":null,"key":"y","index":405},{"value":225.5,"tweenMethod":"linearNone","tween":true,"target":105,"label":null,"key":"y","index":420},{"value":225.5,"tweenMethod":"linearNone","tween":true,"target":105,"label":null,"key":"y","index":435},{"value":225,"tweenMethod":"linearNone","tween":true,"target":105,"key":"y","index":455},{"value":225.5,"tweenMethod":"linearNone","tween":true,"target":105,"label":null,"key":"y","index":475},{"value":225,"tweenMethod":"linearNone","tween":true,"target":105,"label":null,"key":"y","index":490},{"value":225,"tweenMethod":"linearNone","tween":true,"target":105,"label":null,"key":"y","index":500},{"value":225,"tweenMethod":"linearNone","tween":true,"target":105,"label":null,"key":"y","index":510},{"value":193.5,"tweenMethod":"linearNone","tween":true,"target":105,"key":"y","index":540},{"value":193.5,"tweenMethod":"linearNone","tween":true,"target":105,"label":null,"key":"y","index":546},{"value":193.5,"tweenMethod":"linearNone","tween":true,"target":105,"label":null,"key":"y","index":551},{"value":193.5,"tweenMethod":"linearNone","tween":true,"target":105,"label":null,"key":"y","index":556},{"value":193.5,"tweenMethod":"linearNone","tween":true,"target":105,"label":null,"key":"y","index":561},{"value":193.5,"tweenMethod":"linearNone","tween":true,"target":105,"label":null,"key":"y","index":580},{"value":214,"tweenMethod":"linearNone","tween":true,"target":105,"label":null,"key":"y","index":600}],"x":[{"value":150,"tweenMethod":"linearNone","tween":true,"target":105,"key":"x","index":0},{"value":150,"tweenMethod":"linearNone","tween":true,"target":105,"key":"x","index":90},{"value":150,"tweenMethod":"linearNone","tween":true,"target":105,"label":null,"key":"x","index":110},{"value":261,"tweenMethod":"linearNone","tween":true,"target":105,"key":"x","index":120},{"value":261,"tweenMethod":"linearNone","tween":true,"target":105,"label":null,"key":"x","index":130},{"value":239.7,"tweenMethod":"linearNone","tween":true,"target":105,"key":"x","index":330},{"value":239.7,"tweenMethod":"linearNone","tween":true,"target":105,"label":null,"key":"x","index":355},{"value":239.7,"tweenMethod":"linearNone","tween":true,"target":105,"label":null,"key":"x","index":365},{"value":138,"tweenMethod":"linearNone","tween":true,"target":105,"key":"x","index":375},{"value":138,"tweenMethod":"linearNone","tween":true,"target":105,"label":null,"key":"x","index":405},{"value":138,"tweenMethod":"linearNone","tween":true,"target":105,"label":null,"key":"x","index":420},{"value":138,"tweenMethod":"linearNone","tween":true,"target":105,"label":null,"key":"x","index":435},{"value":138,"tweenMethod":"linearNone","tween":true,"target":105,"label":null,"key":"x","index":475},{"value":138,"tweenMethod":"linearNone","tween":true,"target":105,"key":"x","index":510},{"value":261,"tweenMethod":"linearNone","tween":true,"target":105,"key":"x","index":540},{"value":261,"tweenMethod":"linearNone","tween":true,"target":105,"label":null,"key":"x","index":546},{"value":261,"tweenMethod":"linearNone","tween":true,"target":105,"label":null,"key":"x","index":551},{"value":261,"tweenMethod":"linearNone","tween":true,"target":105,"label":null,"key":"x","index":556},{"value":261,"tweenMethod":"linearNone","tween":true,"target":105,"label":null,"key":"x","index":561},{"value":261,"tweenMethod":"linearNone","tween":true,"target":105,"label":null,"key":"x","index":580},{"value":150,"tweenMethod":"linearNone","tween":true,"target":105,"label":null,"key":"x","index":600}],"rotation":[{"value":0,"tweenMethod":"linearNone","tween":true,"target":105,"key":"rotation","index":0},{"value":0,"tweenMethod":"linearNone","tween":true,"target":105,"key":"rotation","index":10},{"value":-12,"tweenMethod":"linearNone","tween":true,"target":105,"key":"rotation","index":20},{"value":0,"tweenMethod":"linearNone","tween":true,"target":105,"key":"rotation","index":30},{"value":0,"tweenMethod":"linearNone","tween":true,"target":105,"key":"rotation","index":120},{"value":0,"tweenMethod":"linearNone","tween":true,"target":105,"label":null,"key":"rotation","index":130},{"value":-22,"tweenMethod":"linearNone","tween":true,"target":105,"key":"rotation","index":375},{"value":-8,"tweenMethod":"linearNone","tween":true,"target":105,"key":"rotation","index":390},{"value":-13,"tweenMethod":"linearNone","tween":true,"target":105,"label":null,"key":"rotation","index":405},{"value":7,"tweenMethod":"linearNone","tween":true,"target":105,"label":null,"key":"rotation","index":420},{"value":-12,"tweenMethod":"linearNone","tween":true,"target":105,"key":"rotation","index":435},{"value":5,"tweenMethod":"linearNone","tween":true,"target":105,"key":"rotation","index":455},{"value":-16,"tweenMethod":"linearNone","tween":true,"target":105,"label":null,"key":"rotation","index":475},{"value":19,"tweenMethod":"linearNone","tween":true,"target":105,"label":null,"key":"rotation","index":490},{"value":-12,"tweenMethod":"linearNone","tween":true,"target":105,"label":null,"key":"rotation","index":500},{"value":11,"tweenMethod":"linearNone","tween":true,"target":105,"key":"rotation","index":510},{"value":-19,"tweenMethod":"linearNone","tween":true,"target":105,"key":"rotation","index":540},{"value":-19,"tweenMethod":"linearNone","tween":true,"target":105,"label":null,"key":"rotation","index":546},{"value":-19,"tweenMethod":"linearNone","tween":true,"target":105,"label":null,"key":"rotation","index":551},{"value":-19,"tweenMethod":"linearNone","tween":true,"target":105,"label":null,"key":"rotation","index":556},{"value":-19,"tweenMethod":"linearNone","tween":true,"target":105,"label":null,"key":"rotation","index":561},{"value":-19,"tweenMethod":"linearNone","tween":true,"target":105,"label":null,"key":"rotation","index":580},{"value":0,"tweenMethod":"linearNone","tween":true,"target":105,"label":null,"key":"rotation","index":600}]}},{"target":168,"keyframes":{"y":[{"value":189,"tweenMethod":"linearNone","tween":true,"target":168,"key":"y","index":0},{"value":189,"tweenMethod":"linearNone","tween":true,"target":168,"key":"y","index":10},{"value":203,"tweenMethod":"linearNone","tween":true,"target":168,"key":"y","index":20},{"value":189,"tweenMethod":"linearNone","tween":true,"target":168,"key":"y","index":30},{"value":189,"tweenMethod":"linearNone","tween":true,"target":168,"label":null,"key":"y","index":50},{"value":189,"tweenMethod":"linearNone","tween":true,"target":168,"label":null,"key":"y","index":75},{"value":189,"tweenMethod":"linearNone","tween":true,"target":168,"label":null,"key":"y","index":600}]}},{"target":97,"keyframes":{"y":[{"value":122,"tweenMethod":"linearNone","tween":true,"target":97,"key":"y","index":0},{"value":123,"tweenMethod":"linearNone","tween":true,"target":97,"key":"y","index":75},{"value":122,"tweenMethod":"linearNone","tween":true,"target":97,"label":null,"key":"y","index":600}]}},{"target":163,"keyframes":{"y":[{"value":120,"tweenMethod":"linearNone","tween":true,"target":163,"key":"y","index":0},{"value":121,"tweenMethod":"linearNone","tween":true,"target":163,"key":"y","index":75},{"value":120,"tweenMethod":"linearNone","tween":true,"target":163,"label":null,"key":"y","index":600}]}},{"target":162,"keyframes":{"y":[{"value":44,"tweenMethod":"linearNone","tween":true,"target":162,"key":"y","index":0},{"value":45,"tweenMethod":"linearNone","tween":true,"target":162,"key":"y","index":75},{"value":44,"tweenMethod":"linearNone","tween":true,"target":162,"label":null,"key":"y","index":600}]}},{"target":152,"keyframes":{"y":[{"value":-20,"tweenMethod":"linearNone","tween":true,"target":152,"key":"y","index":0},{"value":-19,"tweenMethod":"linearNone","tween":true,"target":152,"key":"y","index":75},{"value":-20,"tweenMethod":"linearNone","tween":true,"target":152,"label":null,"key":"y","index":600}]}},{"target":148,"keyframes":{"y":[{"value":-20,"tweenMethod":"linearNone","tween":true,"target":148,"key":"y","index":0},{"value":-19,"tweenMethod":"linearNone","tween":true,"target":148,"key":"y","index":75},{"value":-20,"tweenMethod":"linearNone","tween":true,"target":148,"label":null,"key":"y","index":600}]}}],"name":"action1","id":1,"frameRate":40,"action":0}],"loadList":["Frame/UI/ui_orthogon_white.png","Game/UI/GameScene/Level2/weimask.png","Game/UI/GameScene/Level2/wei.png","Game/UI/GameScene/Level2/houtuimask.png","Game/UI/GameScene/Level2/houtui2.png","Game/UI/GameScene/Level2/houtui2mask.png","Game/UI/GameScene/Level2/houtui.png","Game/UI/GameScene/Level2/qiantuimask.png","Game/UI/GameScene/Level2/qiantui.png","Game/UI/GameScene/Level2/qiantui2mask.png","Game/UI/GameScene/Level2/qiantui2.png","Game/UI/GameScene/Level2/guikemask.png","Game/UI/GameScene/Level2/guike.png","Game/UI/GameScene/Level2/guixian4mask.png","Game/UI/GameScene/Level2/guiixan4.png","Game/UI/GameScene/Level2/guixian3mask.png","Game/UI/GameScene/Level2/guixian3.png","Game/UI/GameScene/Level2/guixian2mask.png","Game/UI/GameScene/Level2/guixian2.png","Game/UI/GameScene/Level2/guixianmask.png","Game/UI/GameScene/Level2/guixian.png","Game/UI/GameScene/Level2/guitoumask.png","Game/UI/GameScene/Level2/guitou.png","Game/UI/GameScene/Level2/yan2.png","Game/UI/GameScene/Level2/yan.png","Game/UI/GameScene/Level2/zuimask.png","Game/UI/GameScene/Level2/zui.png"],"loadList3D":[]}