{"type":"View","props":{"width":720,"height":1280},"compId":2,"child":[{"type":"Image","props":{"var":"Background","top":0,"skin":"Frame/UI/ui_orthogon_white.png","sizeGrid":"16,15,18,8","right":0,"name":"Background","left":0,"bottom":0},"compId":11},{"type":"Image","props":{"y":0,"x":0,"width":720,"var":"DrawRoot","scaleY":1,"scaleX":1,"name":"DrawRoot","height":879},"compId":13,"child":[{"type":"Image","props":{"y":76,"x":96,"width":528,"var":"Flawer","scaleY":1,"scaleX":1,"name":"Flawer","height":771},"compId":85,"child":[{"type":"Image","props":{"y":692,"x":262,"width":525,"var":"Body","rotation":0,"pivotY":706,"pivotX":263,"name":"Body","height":706},"compId":75,"child":[{"type":"Image","props":{"zOrder":98,"y":746,"x":266,"width":74,"var":"Draw4","skin":"Game/UI/GameScene/Level1/tengman mask.png","scaleY":1,"scaleX":1,"pivotY":372,"pivotX":37,"name":"Draw4","height":372},"compId":66,"child":[{"type":"Image","props":{"y":0,"x":0,"skin":"Game/UI/GameScene/Level1/tengman .png","name":"Pic"},"compId":79},{"type":"Image","props":{"skin":"Game/UI/GameScene/Level1/tengman mask.png","renderType":"mask"},"compId":92}]},{"type":"Image","props":{"zOrder":99,"y":256,"x":276,"width":527,"var":"Draw3","skin":"Game/UI/GameScene/Level1/huabanmask.png","scaleY":1,"scaleX":1,"rotation":360,"pivotY":231,"pivotX":264,"name":"Draw3","height":461},"compId":64,"child":[{"type":"Image","props":{"skin":"Game/UI/GameScene/Level1/huaban.png","name":"Pic"},"compId":78},{"type":"Image","props":{"skin":"Game/UI/GameScene/Level1/huabanmask.png","renderType":"mask"},"compId":91}]},{"type":"Image","props":{"zOrder":100,"y":256,"x":277,"width":280,"var":"Head","scaleY":1,"scaleX":1,"rotation":0,"pivotY":140,"pivotX":140,"name":"Head","height":279},"compId":65,"child":[{"type":"Image","props":{"zOrder":99,"y":140,"x":140,"width":280,"var":"Draw2","skin":"Game/UI/GameScene/Level1/lianmask.png","pivotY":140,"pivotX":140,"name":"Draw2","height":279},"compId":74,"child":[{"type":"Image","props":{"y":15,"x":21,"width":239,"var":"MaskBoard","skin":"Game/UI/GameScene/Level1/lianmask.png","name":"MaskBoard","height":243},"compId":96},{"type":"Image","props":{"y":0,"x":0,"skin":"Game/UI/GameScene/Level1/lian.png","name":"Pic"},"compId":84},{"type":"Image","props":{"y":0,"x":0,"skin":"Game/UI/GameScene/Level1/lianmask.png","renderType":"mask"},"compId":94}]},{"type":"Image","props":{"zOrder":100,"y":176,"x":140,"width":165,"var":"Draw1","skin":"Game/UI/GameScene/Level1/zuimask.png","scaleY":1,"scaleX":1,"pivotY":47,"pivotX":83,"name":"Draw1","height":93},"compId":72,"child":[{"type":"Image","props":{"y":0,"x":0,"skin":"Game/UI/GameScene/Level1/zui .png","name":"Pic"},"compId":82},{"type":"Image","props":{"skin":"Game/UI/GameScene/Level1/zuimask.png","renderType":"mask"},"compId":93}]},{"type":"Image","props":{"zOrder":100,"y":105,"x":110,"width":34,"skin":"Game/UI/GameScene/Level1/yanjing.png","scaleY":1,"pivotY":17,"pivotX":17,"name":"Eye1","height":33},"compId":69},{"type":"Image","props":{"zOrder":100,"y":106,"x":182,"width":34,"skin":"Game/UI/GameScene/Level1/yanjing.png","scaleY":1,"pivotY":17,"pivotX":17,"name":"Eye2","height":33},"compId":70}]}]},{"type":"Image","props":{"zOrder":96,"y":725,"x":268,"width":243,"var":"Draw6","skin":"Game/UI/GameScene/Level1/youyepianmask.png","scaleX":1,"rotation":0,"pivotY":191,"pivotX":36,"name":"Draw6","height":223},"compId":68,"child":[{"type":"Image","props":{"y":0,"x":0,"width":243,"skin":"Game/UI/GameScene/Level1/youyepian.png","name":"Pic","height":223},"compId":81},{"type":"Image","props":{"skin":"Game/UI/GameScene/Level1/youyepianmask.png","renderType":"mask"},"compId":88}]},{"type":"Image","props":{"y":734,"x":241,"width":244,"var":"Draw5","skin":"Game/UI/GameScene/Level1/zuoyepian mask.png","scaleX":1,"rotation":0,"pivotY":176,"pivotX":211,"name":"Draw5","height":199},"compId":67,"child":[{"type":"Image","props":{"y":0,"x":0,"skin":"Game/UI/GameScene/Level1/zuoyepian .png","name":"Pic"},"compId":80},{"type":"Image","props":{"skin":"Game/UI/GameScene/Level1/zuoyepian mask.png","renderType":"mask"},"compId":89}]}]}]}],"animations":[{"nodes":[{"target":75,"keyframes":{"rotation":[{"value":0,"tweenMethod":"linearNone","tween":true,"target":75,"label":null,"key":"rotation","index":0},{"value":-9,"tweenMethod":"linearNone","tween":true,"target":75,"key":"rotation","index":25},{"value":0,"tweenMethod":"linearNone","tween":true,"target":75,"label":null,"key":"rotation","index":50},{"value":9,"tweenMethod":"linearNone","tween":true,"target":75,"key":"rotation","index":75},{"value":0,"tweenMethod":"linearNone","tween":true,"target":75,"label":null,"key":"rotation","index":100}]}},{"target":64,"keyframes":{"y":[{"value":256,"tweenMethod":"linearNone","tween":true,"target":64,"key":"y","index":0},{"value":305,"tweenMethod":"linearNone","tween":true,"target":64,"key":"y","index":25},{"value":256,"tweenMethod":"linearNone","tween":true,"target":64,"label":null,"key":"y","index":50},{"value":304,"tweenMethod":"linearNone","tween":true,"target":64,"key":"y","index":75},{"value":256,"tweenMethod":"linearNone","tween":true,"target":64,"label":null,"key":"y","index":100},{"value":370,"tweenMethod":"linearNone","tween":true,"target":64,"key":"y","index":125},{"value":236,"tweenMethod":"linearNone","tween":true,"target":64,"label":null,"key":"y","index":150},{"value":370,"tweenMethod":"linearNone","tween":true,"target":64,"label":null,"key":"y","index":175},{"value":256,"tweenMethod":"linearNone","tween":true,"target":64,"label":null,"key":"y","index":200}],"x":[{"value":276,"tweenMethod":"linearNone","tween":true,"target":64,"key":"x","index":0},{"value":261.5,"tweenMethod":"linearNone","tween":true,"target":64,"key":"x","index":25},{"value":276,"tweenMethod":"linearNone","tween":true,"target":64,"label":null,"key":"x","index":50},{"value":292,"tweenMethod":"linearNone","tween":true,"target":64,"key":"x","index":75},{"value":276,"tweenMethod":"linearNone","tween":true,"target":64,"label":null,"key":"x","index":100},{"value":276,"tweenMethod":"linearNone","tween":true,"target":64,"label":null,"key":"x","index":150},{"value":276,"tweenMethod":"linearNone","tween":true,"target":64,"label":null,"key":"x","index":200}],"scaleY":[{"value":1,"tweenMethod":"linearNone","tween":true,"target":64,"key":"scaleY","index":0},{"value":1,"tweenMethod":"linearNone","tween":true,"target":64,"label":null,"key":"scaleY","index":100},{"value":0.8,"tweenMethod":"linearNone","tween":true,"target":64,"key":"scaleY","index":125},{"value":1.2,"tweenMethod":"linearNone","tween":true,"target":64,"label":null,"key":"scaleY","index":150},{"value":0.8,"tweenMethod":"linearNone","tween":true,"target":64,"label":null,"key":"scaleY","index":175},{"value":1,"tweenMethod":"linearNone","tween":true,"target":64,"label":null,"key":"scaleY","index":200}],"scaleX":[{"value":1,"tweenMethod":"linearNone","tween":true,"target":64,"key":"scaleX","index":0},{"value":1,"tweenMethod":"linearNone","tween":true,"target":64,"label":null,"key":"scaleX","index":100},{"value":0.8,"tweenMethod":"linearNone","tween":true,"target":64,"key":"scaleX","index":125},{"value":1.2,"tweenMethod":"linearNone","tween":true,"target":64,"label":null,"key":"scaleX","index":150},{"value":0.8,"tweenMethod":"linearNone","tween":true,"target":64,"label":null,"key":"scaleX","index":175},{"value":1,"tweenMethod":"linearNone","tween":true,"target":64,"label":null,"key":"scaleX","index":200}],"rotation":[{"value":0,"tweenMethod":"linearNone","tween":true,"target":64,"key":"rotation","index":0},{"value":90,"tweenMethod":"linearNone","tween":true,"target":64,"key":"rotation","index":25},{"value":180,"tweenMethod":"linearNone","tween":true,"target":64,"key":"rotation","index":50},{"value":270,"tweenMethod":"linearNone","tween":true,"target":64,"key":"rotation","index":75},{"value":360,"tweenMethod":"linearNone","tween":true,"target":64,"label":null,"key":"rotation","index":100},{"value":270,"tweenMethod":"linearNone","tween":true,"target":64,"key":"rotation","index":125},{"value":180,"tweenMethod":"linearNone","tween":true,"target":64,"key":"rotation","index":150},{"value":90,"tweenMethod":"linearNone","tween":true,"target":64,"key":"rotation","index":175},{"value":0,"tweenMethod":"linearNone","tween":true,"target":64,"label":null,"key":"rotation","index":200}]}},{"target":65,"keyframes":{"y":[{"value":256,"tweenMethod":"linearNone","tween":true,"target":65,"label":null,"key":"y","index":0},{"value":323,"tweenMethod":"linearNone","tween":true,"target":65,"key":"y","index":25},{"value":256,"tweenMethod":"linearNone","tween":true,"target":65,"label":null,"key":"y","index":50},{"value":321,"tweenMethod":"linearNone","tween":true,"target":65,"key":"y","index":75},{"value":256,"tweenMethod":"linearNone","tween":true,"target":65,"label":null,"key":"y","index":100},{"value":370,"tweenMethod":"linearNone","tween":true,"target":65,"key":"y","index":125},{"value":236,"tweenMethod":"linearNone","tween":true,"target":65,"label":null,"key":"y","index":150},{"value":370,"tweenMethod":"linearNone","tween":true,"target":65,"label":null,"key":"y","index":175},{"value":256,"tweenMethod":"linearNone","tween":true,"target":65,"label":null,"key":"y","index":200}],"x":[{"value":277,"tweenMethod":"linearNone","tween":true,"target":65,"label":null,"key":"x","index":0},{"value":245,"tweenMethod":"linearNone","tween":true,"target":65,"key":"x","index":25},{"value":277,"tweenMethod":"linearNone","tween":true,"target":65,"label":null,"key":"x","index":50},{"value":292,"tweenMethod":"linearNone","tween":true,"target":65,"key":"x","index":75},{"value":277,"tweenMethod":"linearNone","tween":true,"target":65,"label":null,"key":"x","index":100},{"value":277,"tweenMethod":"linearNone","tween":true,"target":65,"label":null,"key":"x","index":150},{"value":277,"tweenMethod":"linearNone","tween":true,"target":65,"label":null,"key":"x","index":200}],"scaleY":[{"value":1,"tweenMethod":"linearNone","tween":true,"target":65,"key":"scaleY","index":0},{"value":1,"tweenMethod":"linearNone","tween":true,"target":65,"key":"scaleY","index":100},{"value":1.2,"tweenMethod":"linearNone","tween":true,"target":65,"key":"scaleY","index":150},{"value":1,"tweenMethod":"linearNone","tween":true,"target":65,"key":"scaleY","index":200}],"scaleX":[{"value":1,"tweenMethod":"linearNone","tween":true,"target":65,"key":"scaleX","index":0},{"value":1,"tweenMethod":"linearNone","tween":true,"target":65,"key":"scaleX","index":100},{"value":1.2,"tweenMethod":"linearNone","tween":true,"target":65,"key":"scaleX","index":150},{"value":1,"tweenMethod":"linearNone","tween":true,"target":65,"key":"scaleX","index":200}],"rotation":[{"value":0,"tweenMethod":"linearNone","tween":true,"target":65,"label":null,"key":"rotation","index":0},{"value":0,"tweenMethod":"linearNone","tween":true,"target":65,"key":"rotation","index":75},{"value":0,"tweenMethod":"linearNone","tween":true,"target":65,"label":null,"key":"rotation","index":100},{"value":0,"tweenMethod":"linearNone","tween":true,"target":65,"label":null,"key":"rotation","index":150},{"value":0,"tweenMethod":"linearNone","tween":true,"target":65,"label":null,"key":"rotation","index":200}]}},{"target":69,"keyframes":{"y":[{"value":105,"tweenMethod":"linearNone","tween":true,"target":69,"key":"y","index":0},{"value":106.5,"tweenMethod":"linearNone","tween":true,"target":69,"key":"y","index":25},{"value":105,"tweenMethod":"linearNone","tween":true,"target":69,"key":"y","index":50},{"value":106,"tweenMethod":"linearNone","tween":true,"target":69,"key":"y","index":75},{"value":105,"tweenMethod":"linearNone","tween":true,"target":69,"key":"y","index":100}],"x":[{"value":101,"tweenMethod":"linearNone","tween":true,"target":69,"key":"x","index":0},{"value":69,"tweenMethod":"linearNone","tween":true,"target":69,"key":"x","index":25},{"value":110,"tweenMethod":"linearNone","tween":true,"target":69,"key":"x","index":50},{"value":140,"tweenMethod":"linearNone","tween":true,"target":69,"key":"x","index":75},{"value":110,"tweenMethod":"linearNone","tween":true,"target":69,"key":"x","index":100}],"scaleY":[{"value":1,"tweenMethod":"linearNone","tween":true,"target":69,"key":"scaleY","index":0},{"value":1,"tweenMethod":"linearNone","tween":true,"target":69,"key":"scaleY","index":22},{"value":0,"tweenMethod":"linearNone","tween":true,"target":69,"key":"scaleY","index":25},{"value":1,"tweenMethod":"linearNone","tween":true,"target":69,"key":"scaleY","index":27}]}},{"target":70,"keyframes":{"y":[{"value":106,"tweenMethod":"linearNone","tween":true,"target":70,"key":"y","index":0},{"value":108,"tweenMethod":"linearNone","tween":true,"target":70,"key":"y","index":25},{"value":106,"tweenMethod":"linearNone","tween":true,"target":70,"key":"y","index":50},{"value":107,"tweenMethod":"linearNone","tween":true,"target":70,"key":"y","index":75},{"value":106,"tweenMethod":"linearNone","tween":true,"target":70,"key":"y","index":100}],"x":[{"value":182,"tweenMethod":"linearNone","tween":true,"target":70,"key":"x","index":0},{"value":150,"tweenMethod":"linearNone","tween":true,"target":70,"key":"x","index":25},{"value":182,"tweenMethod":"linearNone","tween":true,"target":70,"key":"x","index":50},{"value":212,"tweenMethod":"linearNone","tween":true,"target":70,"key":"x","index":75},{"value":182,"tweenMethod":"linearNone","tween":true,"target":70,"key":"x","index":100}],"scaleY":[{"value":1,"tweenMethod":"linearNone","tween":true,"target":70,"key":"scaleY","index":0},{"value":1,"tweenMethod":"linearNone","tween":true,"target":70,"key":"scaleY","index":73},{"value":0,"tweenMethod":"linearNone","tween":true,"target":70,"key":"scaleY","index":75},{"value":1,"tweenMethod":"linearNone","tween":true,"target":70,"key":"scaleY","index":77}]}},{"target":67,"keyframes":{"y":[{"value":737,"tweenMethod":"linearNone","tween":true,"target":67,"key":"y","index":0},{"value":734,"tweenMethod":"linearNone","tween":true,"target":67,"key":"y","index":100},{"value":603,"tweenMethod":"linearNone","tween":true,"target":67,"key":"y","index":115},{"value":734,"tweenMethod":"linearNone","tween":true,"target":67,"key":"y","index":130},{"value":603,"tweenMethod":"linearNone","tween":true,"target":67,"label":null,"key":"y","index":145},{"value":734,"tweenMethod":"linearNone","tween":true,"target":67,"label":null,"key":"y","index":160},{"value":603,"tweenMethod":"linearNone","tween":true,"target":67,"label":null,"key":"y","index":175},{"value":734,"tweenMethod":"linearNone","tween":true,"target":67,"label":null,"key":"y","index":190},{"value":737,"tweenMethod":"linearNone","tween":true,"target":67,"key":"y","index":205}],"x":[{"value":239,"tweenMethod":"linearNone","tween":true,"target":67,"key":"x","index":0},{"value":239,"tweenMethod":"linearNone","tween":true,"target":67,"key":"x","index":100},{"value":239,"tweenMethod":"linearNone","tween":true,"target":67,"key":"x","index":115},{"value":239,"tweenMethod":"linearNone","tween":true,"target":67,"key":"x","index":130},{"value":239,"tweenMethod":"linearNone","tween":true,"target":67,"label":null,"key":"x","index":145},{"value":239,"tweenMethod":"linearNone","tween":true,"target":67,"key":"x","index":160},{"value":239,"tweenMethod":"linearNone","tween":true,"target":67,"label":null,"key":"x","index":175},{"value":239,"tweenMethod":"linearNone","tween":true,"target":67,"key":"x","index":190},{"value":239,"tweenMethod":"linearNone","tween":true,"target":67,"key":"x","index":205}],"scaleX":[{"value":1,"tweenMethod":"linearNone","tween":true,"target":67,"key":"scaleX","index":0},{"value":1,"tweenMethod":"linearNone","tween":true,"target":67,"key":"scaleX","index":100}],"rotation":[{"value":0,"tweenMethod":"linearNone","tween":true,"target":67,"key":"rotation","index":0},{"value":-15,"tweenMethod":"linearNone","tween":true,"target":67,"key":"rotation","index":25},{"value":0,"tweenMethod":"linearNone","tween":true,"target":67,"key":"rotation","index":50},{"value":18,"tweenMethod":"linearNone","tween":true,"target":67,"key":"rotation","index":75},{"value":0,"tweenMethod":"linearNone","tween":true,"target":67,"key":"rotation","index":100},{"value":0,"tweenMethod":"linearNone","tween":true,"target":67,"key":"rotation","index":115},{"value":0,"tweenMethod":"linearNone","tween":true,"target":67,"label":null,"key":"rotation","index":145},{"value":0,"tweenMethod":"linearNone","tween":true,"target":67,"label":null,"key":"rotation","index":175}]}},{"target":68,"keyframes":{"y":[{"value":725,"tweenMethod":"linearNone","tween":true,"target":68,"key":"y","index":0},{"value":725,"tweenMethod":"linearNone","tween":true,"target":68,"key":"y","index":100},{"value":662,"tweenMethod":"linearNone","tween":true,"target":68,"key":"y","index":115},{"value":600,"tweenMethod":"linearNone","tween":true,"target":68,"key":"y","index":130},{"value":725,"tweenMethod":"linearNone","tween":true,"target":68,"label":null,"key":"y","index":145},{"value":600,"tweenMethod":"linearNone","tween":true,"target":68,"label":null,"key":"y","index":160},{"value":725,"tweenMethod":"linearNone","tween":true,"target":68,"label":null,"key":"y","index":175},{"value":600,"tweenMethod":"linearNone","tween":true,"target":68,"label":null,"key":"y","index":190},{"value":725,"tweenMethod":"linearNone","tween":true,"target":68,"label":null,"key":"y","index":205}],"x":[{"value":268,"tweenMethod":"linearNone","tween":true,"target":68,"key":"x","index":0},{"value":268,"tweenMethod":"linearNone","tween":true,"target":68,"key":"x","index":100},{"value":268,"tweenMethod":"linearNone","tween":true,"target":68,"label":null,"key":"x","index":145},{"value":268,"tweenMethod":"linearNone","tween":true,"target":68,"label":null,"key":"x","index":175},{"value":268,"tweenMethod":"linearNone","tween":true,"target":68,"label":null,"key":"x","index":190},{"value":268,"tweenMethod":"linearNone","tween":true,"target":68,"label":null,"key":"x","index":205}],"scaleX":[{"value":1,"tweenMethod":"linearNone","tween":true,"target":68,"key":"scaleX","index":0},{"value":1,"tweenMethod":"linearNone","tween":true,"target":68,"key":"scaleX","index":100},{"value":1,"tweenMethod":"linearNone","tween":true,"target":68,"label":null,"key":"scaleX","index":145},{"value":1,"tweenMethod":"linearNone","tween":true,"target":68,"label":null,"key":"scaleX","index":175},{"value":1,"tweenMethod":"linearNone","tween":true,"target":68,"label":null,"key":"scaleX","index":190},{"value":1,"tweenMethod":"linearNone","tween":true,"target":68,"label":null,"key":"scaleX","index":205}],"rotation":[{"value":0,"tweenMethod":"linearNone","tween":true,"target":68,"key":"rotation","index":0},{"value":-15,"tweenMethod":"linearNone","tween":true,"target":68,"key":"rotation","index":25},{"value":0,"tweenMethod":"linearNone","tween":true,"target":68,"key":"rotation","index":50},{"value":24,"tweenMethod":"linearNone","tween":true,"target":68,"key":"rotation","index":75},{"value":0,"tweenMethod":"linearNone","tween":true,"target":68,"key":"rotation","index":100},{"value":0,"tweenMethod":"linearNone","tween":true,"target":68,"label":null,"key":"rotation","index":145},{"value":0,"tweenMethod":"linearNone","tween":true,"target":68,"label":null,"key":"rotation","index":175},{"value":0,"tweenMethod":"linearNone","tween":true,"target":68,"label":null,"key":"rotation","index":190},{"value":0,"tweenMethod":"linearNone","tween":true,"target":68,"label":null,"key":"rotation","index":205}]}},{"target":72,"keyframes":{"y":[{"value":176,"tweenMethod":"linearNone","tween":true,"target":72,"key":"y","index":0},{"value":176,"tweenMethod":"linearNone","tween":true,"target":72,"key":"y","index":50},{"value":177,"tweenMethod":"linearNone","tween":true,"target":72,"key":"y","index":75},{"value":176,"tweenMethod":"linearNone","tween":true,"target":72,"key":"y","index":100}],"x":[{"value":140,"tweenMethod":"linearNone","tween":true,"target":72,"key":"x","index":0},{"value":115,"tweenMethod":"linearNone","tween":true,"target":72,"key":"x","index":25},{"value":140,"tweenMethod":"linearNone","tween":true,"target":72,"key":"x","index":50},{"value":170,"tweenMethod":"linearNone","tween":true,"target":72,"key":"x","index":75},{"value":140,"tweenMethod":"linearNone","tween":true,"target":72,"key":"x","index":100}],"width":[{"value":165,"tweenMethod":"linearNone","tween":true,"target":72,"key":"width","index":0},{"value":165,"tweenMethod":"linearNone","tween":true,"target":72,"key":"width","index":50}],"scaleY":[{"value":1,"tweenMethod":"linearNone","tween":true,"target":72,"key":"scaleY","index":0},{"value":1,"tweenMethod":"linearNone","tween":true,"target":72,"key":"scaleY","index":125}],"scaleX":[{"value":1,"tweenMethod":"linearNone","tween":true,"target":72,"key":"scaleX","index":0},{"value":1,"tweenMethod":"linearNone","tween":true,"target":72,"key":"scaleX","index":115},{"value":0.5,"tweenMethod":"linearNone","tween":true,"target":72,"key":"scaleX","index":125},{"value":1,"tweenMethod":"linearNone","tween":true,"target":72,"key":"scaleX","index":130},{"value":1,"tweenMethod":"linearNone","tween":true,"target":72,"key":"scaleX","index":170},{"value":0.5,"tweenMethod":"linearNone","tween":true,"target":72,"key":"scaleX","index":175},{"value":1,"tweenMethod":"linearNone","tween":true,"target":72,"key":"scaleX","index":180},{"value":1,"tweenMethod":"linearNone","tween":true,"target":72,"key":"scaleX","index":195},{"value":1.5,"tweenMethod":"linearNone","tween":true,"target":72,"key":"scaleX","index":200},{"value":1,"tweenMethod":"linearNone","tween":true,"target":72,"key":"scaleX","index":205}]}},{"target":66,"keyframes":{"scaleY":[{"value":1,"tweenMethod":"linearNone","tween":true,"target":66,"key":"scaleY","index":0},{"value":1,"tweenMethod":"linearNone","tween":true,"target":66,"key":"scaleY","index":100},{"value":0.7,"tweenMethod":"linearNone","tween":true,"target":66,"key":"scaleY","index":125},{"value":1,"tweenMethod":"linearNone","tween":true,"target":66,"key":"scaleY","index":150},{"value":0.7,"tweenMethod":"linearNone","tween":true,"target":66,"key":"scaleY","index":175},{"value":1,"tweenMethod":"linearNone","tween":true,"target":66,"key":"scaleY","index":200}],"scaleX":[{"value":1,"tweenMethod":"linearNone","tween":true,"target":66,"key":"scaleX","index":0},{"value":1,"tweenMethod":"linearNone","tween":true,"target":66,"key":"scaleX","index":100},{"value":1.3,"tweenMethod":"linearNone","tween":true,"target":66,"key":"scaleX","index":125},{"value":1,"tweenMethod":"linearNone","tween":true,"target":66,"key":"scaleX","index":150},{"value":1.3,"tweenMethod":"linearNone","tween":true,"target":66,"key":"scaleX","index":175},{"value":1,"tweenMethod":"linearNone","tween":true,"target":66,"key":"scaleX","index":200}]}}],"name":"action1","id":1,"frameRate":60,"action":0},{"nodes":[],"name":"ani2","id":2,"frameRate":24,"action":0}],"loadList":["Frame/UI/ui_orthogon_white.png","Game/UI/GameScene/Level1/tengman mask.png","Game/UI/GameScene/Level1/tengman .png","Game/UI/GameScene/Level1/huabanmask.png","Game/UI/GameScene/Level1/huaban.png","Game/UI/GameScene/Level1/lianmask.png","Game/UI/GameScene/Level1/lian.png","Game/UI/GameScene/Level1/zuimask.png","Game/UI/GameScene/Level1/zui .png","Game/UI/GameScene/Level1/yanjing.png","Game/UI/GameScene/Level1/youyepianmask.png","Game/UI/GameScene/Level1/youyepian.png","Game/UI/GameScene/Level1/zuoyepian mask.png","Game/UI/GameScene/Level1/zuoyepian .png"],"loadList3D":[]}