{"type":"View","props":{"width":720,"height":1280},"compId":2,"child":[{"type":"Image","props":{"var":"Background","top":0,"skin":"Frame/UI/ui_orthogon_white.png","sizeGrid":"16,15,18,8","right":0,"name":"Background","left":0,"bottom":0},"compId":11},{"type":"Image","props":{"y":0,"x":0,"width":720,"var":"DrawRoot","scaleY":1,"scaleX":1,"name":"DrawRoot","height":814},"compId":13,"child":[{"type":"Image","props":{"y":102,"x":142,"width":453,"var":"OldManDing","name":"OldManDing","height":678},"compId":514,"child":[{"type":"Image","props":{"zOrder":100,"y":323,"x":229,"width":368,"var":"Head","rotation":0,"pivotY":305,"pivotX":184,"name":"Head","height":363},"compId":501,"child":[{"type":"Image","props":{"zOrder":95,"y":202,"x":251,"width":97,"var":"Draw8","skin":"Game/UI/GameScene/Level10/erduomask.png","pivotY":74,"name":"Draw8","height":147},"compId":474,"child":[{"type":"Image","props":{"y":0,"x":0,"skin":"Game/UI/GameScene/Level10/erduomask.png","renderType":"mask","name":"Mask"},"compId":476},{"type":"Image","props":{"skin":"Game/UI/GameScene/Level10/erduo.png","name":"Pic"},"compId":477}]},{"type":"Image","props":{"zOrder":95,"y":202,"x":114,"width":97,"var":"Draw7","skin":"Game/UI/GameScene/Level10/erduomask.png","scaleX":-1,"pivotY":74,"name":"Draw7","height":147},"compId":489,"child":[{"type":"Image","props":{"y":0,"x":0,"skin":"Game/UI/GameScene/Level10/erduomask.png","renderType":"mask","name":"Mask"},"compId":490},{"type":"Image","props":{"skin":"Game/UI/GameScene/Level10/erduo.png","name":"Pic"},"compId":491}]},{"type":"Image","props":{"zOrder":96,"y":198,"x":183,"width":265,"var":"Draw5","skin":"Game/UI/GameScene/Level10/lianmask.png","pivotY":172,"pivotX":133,"name":"Draw5","height":343},"compId":442,"child":[{"type":"Image","props":{"y":0,"x":0,"skin":"Game/UI/GameScene/Level10/lianmask.png","renderType":"mask","name":"Mask"},"compId":444},{"type":"Image","props":{"y":48,"x":51,"width":167,"skin":"Game/UI/GameScene/Level10/lianmask.png","name":"MaskBoard","height":254},"compId":445},{"type":"Image","props":{"y":0,"x":0,"skin":"Game/UI/GameScene/Level10/lian.png","name":"Pic"},"compId":443}]},{"type":"Image","props":{"zOrder":100,"y":76,"x":183,"width":151,"var":"Draw6","skin":"Game/UI/GameScene/Level10/toufamask.png","pivotY":92,"pivotX":76,"name":"Draw6","height":121},"compId":446,"child":[{"type":"Image","props":{"skin":"Game/UI/GameScene/Level10/toufamask.png","renderType":"mask","name":"Mask"},"compId":454},{"type":"Image","props":{"y":0,"x":0,"skin":"Game/UI/GameScene/Level10/toufa.png","name":"Pic"},"compId":447}]},{"type":"Image","props":{"zOrder":97,"y":131,"x":181,"width":122,"var":"Draw3","skin":"Game/UI/GameScene/Level10/zouwenmask.png","pivotY":47,"pivotX":61,"name":"Draw3","height":94},"compId":457,"child":[{"type":"Image","props":{"y":0,"x":0,"skin":"Game/UI/GameScene/Level10/zouwenmask.png","renderType":"mask","name":"Mask"},"compId":459},{"type":"Image","props":{"y":14,"x":14,"width":94,"skin":"Game/UI/GameScene/Level10/zouwenmask.png","name":"MaskBoard","height":68},"compId":460},{"type":"Image","props":{"skin":"Game/UI/GameScene/Level10/zouwen.png","name":"Pic"},"compId":458}]},{"type":"Image","props":{"zOrder":98,"y":198,"x":182,"width":127,"var":"Draw1","skin":"Game/UI/GameScene/Level10/bizimask.png","pivotY":70,"pivotX":64,"name":"Draw1","height":140},"compId":462,"child":[{"type":"Image","props":{"y":0,"x":0,"skin":"Game/UI/GameScene/Level10/bizimask.png","renderType":"mask","name":"Mask"},"compId":463},{"type":"Image","props":{"y":0,"x":0,"skin":"Game/UI/GameScene/Level10/bizi.png","name":"Pic"},"compId":465}]},{"type":"Image","props":{"zOrder":99,"y":201,"x":181,"width":156,"var":"Draw2","skin":"Game/UI/GameScene/Level10/yanjingmask.png","pivotY":50,"pivotX":78,"name":"Draw2","height":100},"compId":466,"child":[{"type":"Image","props":{"y":0,"x":0,"skin":"Game/UI/GameScene/Level10/yanjingmask.png","renderType":"mask","name":"Mask"},"compId":467},{"type":"Sprite","props":{"y":0,"x":0,"texture":"Game/UI/GameScene/Level10/yanjingmaskBoard.png","name":"MaskBoard"},"compId":515},{"type":"Image","props":{"skin":"Game/UI/GameScene/Level10/yanjing.png","name":"Pic"},"compId":468}]},{"type":"Image","props":{"zOrder":100,"y":271,"x":183,"width":148,"var":"Draw4","skin":"Game/UI/GameScene/Level10/zuimask.png","pivotY":52,"pivotX":74,"name":"Draw4","height":103},"compId":470,"child":[{"type":"Image","props":{"y":0,"x":0,"skin":"Game/UI/GameScene/Level10/zuimask.png","renderType":"mask","name":"Mask"},"compId":471},{"type":"Image","props":{"y":31.5,"x":34.5,"width":79,"skin":"Game/UI/GameScene/Level10/zuimask.png","name":"MaskBoard","height":46},"compId":473},{"type":"Image","props":{"skin":"Game/UI/GameScene/Level10/zui.png","name":"Pic"},"compId":472}]}]},{"type":"Image","props":{"zOrder":98,"y":563,"x":281,"width":105,"var":"Draw14","skin":"Game/UI/GameScene/Level10/tuimask.png","pivotY":20,"pivotX":41,"name":"Draw14","height":131},"compId":492,"child":[{"type":"Image","props":{"y":0,"x":0,"skin":"Game/UI/GameScene/Level10/tuimask.png","renderType":"mask","name":"Mask"},"compId":494},{"type":"Image","props":{"skin":"Game/UI/GameScene/Level10/tui.png","name":"Pic"},"compId":495}]},{"type":"Image","props":{"zOrder":98,"y":569,"x":188,"width":105,"var":"Draw13","skin":"Game/UI/GameScene/Level10/tuimask.png","scaleX":1,"pivotY":26,"pivotX":53,"name":"Draw13","height":131},"compId":496,"child":[{"type":"Image","props":{"y":0,"x":0,"skin":"Game/UI/GameScene/Level10/tuimask.png","renderType":"mask","name":"Mask"},"compId":497},{"type":"Image","props":{"skin":"Game/UI/GameScene/Level10/tui.png","name":"Pic"},"compId":499}]},{"type":"Image","props":{"zOrder":99,"y":518,"x":240,"width":362,"var":"Body","pivotY":168,"pivotX":192,"name":"Body","height":336},"compId":500,"child":[{"type":"Image","props":{"zOrder":97,"y":37,"x":247,"width":112,"var":"Draw11","skin":"Game/UI/GameScene/Level10/shoubimask.png","pivotY":26,"pivotX":15,"name":"Draw11","height":134},"compId":482,"child":[{"type":"Image","props":{"y":0,"x":0,"skin":"Game/UI/GameScene/Level10/shoubimask.png","renderType":"mask","name":"Mask"},"compId":484},{"type":"Image","props":{"skin":"Game/UI/GameScene/Level10/shoubi.png","name":"Pic"},"compId":485}]},{"type":"Image","props":{"zOrder":97,"y":36,"x":111,"width":112,"var":"Draw10","skin":"Game/UI/GameScene/Level10/shoubimask.png","scaleX":-1,"pivotY":25,"pivotX":19,"name":"Draw10","height":134},"compId":486,"child":[{"type":"Image","props":{"y":0,"x":0,"skin":"Game/UI/GameScene/Level10/shoubimask.png","renderType":"mask","name":"Mask"},"compId":487},{"type":"Image","props":{"skin":"Game/UI/GameScene/Level10/shoubi.png","name":"Pic"},"compId":488}]},{"type":"Image","props":{"zOrder":99,"y":110,"x":184,"width":248,"var":"Draw9","skin":"Game/UI/GameScene/Level10/yifumask.png","pivotY":136,"pivotX":124,"name":"Draw9","height":271},"compId":449,"child":[{"type":"Image","props":{"y":0,"x":0,"skin":"Game/UI/GameScene/Level10/yifumask.png","renderType":"mask","name":"Mask"},"compId":451},{"type":"Image","props":{"y":19,"x":28,"width":189,"skin":"Game/UI/GameScene/Level10/yifumask.png","name":"MaskBoard","height":239},"compId":452},{"type":"Image","props":{"skin":"Game/UI/GameScene/Level10/yifu.png","name":"Pic"},"compId":450}]},{"type":"Image","props":{"zOrder":100,"y":106,"x":184,"width":113,"var":"Draw12","skin":"Game/UI/GameScene/Level10/tanghulumask.png","pivotY":131,"pivotX":57,"name":"Draw12","height":244},"compId":478,"child":[{"type":"Image","props":{"y":0,"x":0,"skin":"Game/UI/GameScene/Level10/tanghulumask.png","renderType":"mask","name":"Mask"},"compId":480},{"type":"Image","props":{"y":0,"x":0,"skin":"Game/UI/GameScene/Level10/tanghulumask.png","name":"MaskBoard"},"compId":479},{"type":"Image","props":{"skin":"Game/UI/GameScene/Level10/tanghulu.png","name":"Pic"},"compId":481}]}]}]}]}],"animations":[{"nodes":[{"target":501,"keyframes":{"y":[{"value":323,"tweenMethod":"linearNone","tween":true,"target":501,"key":"y","index":0},{"value":372,"tweenMethod":"linearNone","tween":true,"target":501,"key":"y","index":10},{"value":372,"tweenMethod":"linearNone","tween":true,"target":501,"label":null,"key":"y","index":20},{"value":323,"tweenMethod":"linearNone","tween":true,"target":501,"label":null,"key":"y","index":30},{"value":323,"tweenMethod":"linearNone","tween":true,"target":501,"label":null,"key":"y","index":40},{"value":372,"tweenMethod":"linearNone","tween":true,"target":501,"label":null,"key":"y","index":50},{"value":372,"tweenMethod":"linearNone","tween":true,"target":501,"label":null,"key":"y","index":60},{"value":323,"tweenMethod":"linearNone","tween":true,"target":501,"label":null,"key":"y","index":70},{"value":323,"tweenMethod":"linearNone","tween":true,"target":501,"label":null,"key":"y","index":80},{"value":372,"tweenMethod":"linearNone","tween":true,"target":501,"label":null,"key":"y","index":90},{"value":372,"tweenMethod":"linearNone","tween":true,"target":501,"label":null,"key":"y","index":100},{"value":372,"tweenMethod":"linearNone","tween":true,"target":501,"key":"y","index":110},{"value":372,"tweenMethod":"linearNone","tween":true,"target":501,"label":null,"key":"y","index":120},{"value":323,"tweenMethod":"linearNone","tween":true,"target":501,"key":"y","index":130},{"value":323,"tweenMethod":"linearNone","tween":true,"target":501,"label":null,"key":"y","index":140},{"value":372,"tweenMethod":"linearNone","tween":true,"target":501,"label":null,"key":"y","index":150},{"value":372,"tweenMethod":"linearNone","tween":true,"target":501,"label":null,"key":"y","index":160},{"value":323,"tweenMethod":"linearNone","tween":true,"target":501,"label":null,"key":"y","index":170},{"value":323,"tweenMethod":"linearNone","tween":true,"target":501,"label":null,"key":"y","index":180},{"value":372,"tweenMethod":"linearNone","tween":true,"target":501,"label":null,"key":"y","index":190},{"value":372,"tweenMethod":"linearNone","tween":true,"target":501,"label":null,"key":"y","index":200},{"value":323,"tweenMethod":"linearNone","tween":true,"target":501,"label":null,"key":"y","index":210},{"value":323,"tweenMethod":"linearNone","tween":true,"target":501,"label":null,"key":"y","index":220},{"value":323,"tweenMethod":"linearNone","tween":true,"target":501,"label":null,"key":"y","index":230},{"value":323,"tweenMethod":"linearNone","tween":true,"target":501,"label":null,"key":"y","index":240},{"value":372,"tweenMethod":"linearNone","tween":true,"target":501,"label":null,"key":"y","index":250},{"value":372,"tweenMethod":"linearNone","tween":true,"target":501,"label":null,"key":"y","index":260},{"value":323,"tweenMethod":"linearNone","tween":true,"target":501,"label":null,"key":"y","index":270},{"value":323,"tweenMethod":"linearNone","tween":true,"target":501,"label":null,"key":"y","index":280},{"value":372,"tweenMethod":"linearNone","tween":true,"target":501,"label":null,"key":"y","index":290},{"value":372,"tweenMethod":"linearNone","tween":true,"target":501,"label":null,"key":"y","index":300},{"value":323,"tweenMethod":"linearNone","tween":true,"target":501,"label":null,"key":"y","index":310},{"value":323,"tweenMethod":"linearNone","tween":true,"target":501,"label":null,"key":"y","index":320},{"value":372,"tweenMethod":"linearNone","tween":true,"target":501,"label":null,"key":"y","index":330},{"value":372,"tweenMethod":"linearNone","tween":true,"target":501,"label":null,"key":"y","index":340},{"value":323,"tweenMethod":"linearNone","tween":true,"target":501,"label":null,"key":"y","index":350},{"value":323,"tweenMethod":"linearNone","tween":true,"target":501,"label":null,"key":"y","index":360},{"value":323,"tweenMethod":"linearNone","tween":true,"target":501,"label":null,"key":"y","index":370},{"value":323,"tweenMethod":"linearNone","tween":true,"target":501,"label":null,"key":"y","index":380},{"value":372,"tweenMethod":"linearNone","tween":true,"target":501,"label":null,"key":"y","index":390},{"value":372,"tweenMethod":"linearNone","tween":true,"target":501,"label":null,"key":"y","index":400},{"value":323,"tweenMethod":"linearNone","tween":true,"target":501,"label":null,"key":"y","index":410},{"value":323,"tweenMethod":"linearNone","tween":true,"target":501,"label":null,"key":"y","index":420},{"value":372,"tweenMethod":"linearNone","tween":true,"target":501,"label":null,"key":"y","index":430},{"value":372,"tweenMethod":"linearNone","tween":true,"target":501,"label":null,"key":"y","index":440},{"value":323,"tweenMethod":"linearNone","tween":true,"target":501,"label":null,"key":"y","index":450},{"value":323,"tweenMethod":"linearNone","tween":true,"target":501,"label":null,"key":"y","index":460},{"value":372,"tweenMethod":"linearNone","tween":true,"target":501,"label":null,"key":"y","index":470},{"value":372,"tweenMethod":"linearNone","tween":true,"target":501,"label":null,"key":"y","index":480},{"value":372,"tweenMethod":"linearNone","tween":true,"target":501,"label":null,"key":"y","index":490},{"value":372,"tweenMethod":"linearNone","tween":true,"target":501,"label":null,"key":"y","index":500},{"value":372,"tweenMethod":"linearNone","tween":true,"target":501,"label":null,"key":"y","index":510},{"value":323,"tweenMethod":"linearNone","tween":true,"target":501,"label":null,"key":"y","index":520},{"value":323,"tweenMethod":"linearNone","tween":true,"target":501,"label":null,"key":"y","index":550},{"value":383,"tweenMethod":"linearNone","tween":true,"target":501,"key":"y","index":560},{"value":383,"tweenMethod":"linearNone","tween":true,"target":501,"label":null,"key":"y","index":570},{"value":463,"tweenMethod":"linearNone","tween":true,"target":501,"key":"y","index":580},{"value":463,"tweenMethod":"linearNone","tween":true,"target":501,"label":null,"key":"y","index":590},{"value":383,"tweenMethod":"linearNone","tween":true,"target":501,"label":null,"key":"y","index":600},{"value":383,"tweenMethod":"linearNone","tween":true,"target":501,"label":null,"key":"y","index":610},{"value":463,"tweenMethod":"linearNone","tween":true,"target":501,"label":null,"key":"y","index":620},{"value":463,"tweenMethod":"linearNone","tween":true,"target":501,"label":null,"key":"y","index":630},{"value":383,"tweenMethod":"linearNone","tween":true,"target":501,"label":null,"key":"y","index":640},{"value":383,"tweenMethod":"linearNone","tween":true,"target":501,"label":null,"key":"y","index":650},{"value":463,"tweenMethod":"linearNone","tween":true,"target":501,"label":null,"key":"y","index":660},{"value":463,"tweenMethod":"linearNone","tween":true,"target":501,"label":null,"key":"y","index":670},{"value":463,"tweenMethod":"linearNone","tween":true,"target":501,"label":null,"key":"y","index":680},{"value":368,"tweenMethod":"linearNone","tween":true,"target":501,"label":null,"key":"y","index":690},{"value":368,"tweenMethod":"linearNone","tween":true,"target":501,"label":null,"key":"y","index":700},{"value":368,"tweenMethod":"linearNone","tween":true,"target":501,"label":null,"key":"y","index":710},{"value":463,"tweenMethod":"linearNone","tween":true,"target":501,"label":null,"key":"y","index":720},{"value":463,"tweenMethod":"linearNone","tween":true,"target":501,"label":null,"key":"y","index":730},{"value":463,"tweenMethod":"linearNone","tween":true,"target":501,"label":null,"key":"y","index":740},{"value":463,"tweenMethod":"linearNone","tween":true,"target":501,"label":null,"key":"y","index":750},{"value":368,"tweenMethod":"linearNone","tween":true,"target":501,"label":null,"key":"y","index":760},{"value":368,"tweenMethod":"linearNone","tween":true,"target":501,"label":null,"key":"y","index":770},{"value":368,"tweenMethod":"linearNone","tween":true,"target":501,"label":null,"key":"y","index":780},{"value":463,"tweenMethod":"linearNone","tween":true,"target":501,"label":null,"key":"y","index":790},{"value":463,"tweenMethod":"linearNone","tween":true,"target":501,"label":null,"key":"y","index":800},{"value":463,"tweenMethod":"linearNone","tween":true,"target":501,"label":null,"key":"y","index":810},{"value":323,"tweenMethod":"linearNone","tween":true,"target":501,"label":null,"key":"y","index":820},{"value":323,"tweenMethod":"linearNone","tween":true,"target":501,"label":null,"key":"y","index":830}],"x":[{"value":229,"tweenMethod":"linearNone","tween":true,"target":501,"key":"x","index":0},{"value":229,"tweenMethod":"linearNone","tween":true,"target":501,"key":"x","index":10},{"value":229,"tweenMethod":"linearNone","tween":true,"target":501,"label":null,"key":"x","index":20},{"value":229,"tweenMethod":"linearNone","tween":true,"target":501,"label":null,"key":"x","index":30},{"value":229,"tweenMethod":"linearNone","tween":true,"target":501,"label":null,"key":"x","index":40},{"value":229,"tweenMethod":"linearNone","tween":true,"target":501,"label":null,"key":"x","index":50},{"value":229,"tweenMethod":"linearNone","tween":true,"target":501,"label":null,"key":"x","index":60},{"value":229,"tweenMethod":"linearNone","tween":true,"target":501,"label":null,"key":"x","index":70},{"value":229,"tweenMethod":"linearNone","tween":true,"target":501,"label":null,"key":"x","index":80},{"value":229,"tweenMethod":"linearNone","tween":true,"target":501,"label":null,"key":"x","index":90},{"value":229,"tweenMethod":"linearNone","tween":true,"target":501,"label":null,"key":"x","index":100},{"value":281,"tweenMethod":"linearNone","tween":true,"target":501,"key":"x","index":110},{"value":281,"tweenMethod":"linearNone","tween":true,"target":501,"label":null,"key":"x","index":120},{"value":281,"tweenMethod":"linearNone","tween":true,"target":501,"label":null,"key":"x","index":130},{"value":281,"tweenMethod":"linearNone","tween":true,"target":501,"label":null,"key":"x","index":140},{"value":281,"tweenMethod":"linearNone","tween":true,"target":501,"label":null,"key":"x","index":150},{"value":281,"tweenMethod":"linearNone","tween":true,"target":501,"label":null,"key":"x","index":160},{"value":281,"tweenMethod":"linearNone","tween":true,"target":501,"label":null,"key":"x","index":170},{"value":281,"tweenMethod":"linearNone","tween":true,"target":501,"label":null,"key":"x","index":180},{"value":281,"tweenMethod":"linearNone","tween":true,"target":501,"label":null,"key":"x","index":190},{"value":281,"tweenMethod":"linearNone","tween":true,"target":501,"label":null,"key":"x","index":200},{"value":281,"tweenMethod":"linearNone","tween":true,"target":501,"label":null,"key":"x","index":210},{"value":281,"tweenMethod":"linearNone","tween":true,"target":501,"label":null,"key":"x","index":220},{"value":229,"tweenMethod":"linearNone","tween":true,"target":501,"label":null,"key":"x","index":230},{"value":229,"tweenMethod":"linearNone","tween":true,"target":501,"label":null,"key":"x","index":240},{"value":229,"tweenMethod":"linearNone","tween":true,"target":501,"label":null,"key":"x","index":250},{"value":229,"tweenMethod":"linearNone","tween":true,"target":501,"label":null,"key":"x","index":260},{"value":229,"tweenMethod":"linearNone","tween":true,"target":501,"label":null,"key":"x","index":270},{"value":229,"tweenMethod":"linearNone","tween":true,"target":501,"label":null,"key":"x","index":280},{"value":229,"tweenMethod":"linearNone","tween":true,"target":501,"label":null,"key":"x","index":290},{"value":229,"tweenMethod":"linearNone","tween":true,"target":501,"label":null,"key":"x","index":300},{"value":229,"tweenMethod":"linearNone","tween":true,"target":501,"label":null,"key":"x","index":310},{"value":229,"tweenMethod":"linearNone","tween":true,"target":501,"label":null,"key":"x","index":320},{"value":229,"tweenMethod":"linearNone","tween":true,"target":501,"label":null,"key":"x","index":330},{"value":229,"tweenMethod":"linearNone","tween":true,"target":501,"label":null,"key":"x","index":340},{"value":229,"tweenMethod":"linearNone","tween":true,"target":501,"label":null,"key":"x","index":350},{"value":229,"tweenMethod":"linearNone","tween":true,"target":501,"label":null,"key":"x","index":360},{"value":169,"tweenMethod":"linearNone","tween":true,"target":501,"label":null,"key":"x","index":370},{"value":169,"tweenMethod":"linearNone","tween":true,"target":501,"label":null,"key":"x","index":380},{"value":169,"tweenMethod":"linearNone","tween":true,"target":501,"label":null,"key":"x","index":390},{"value":169,"tweenMethod":"linearNone","tween":true,"target":501,"label":null,"key":"x","index":400},{"value":169,"tweenMethod":"linearNone","tween":true,"target":501,"label":null,"key":"x","index":410},{"value":169,"tweenMethod":"linearNone","tween":true,"target":501,"label":null,"key":"x","index":420},{"value":169,"tweenMethod":"linearNone","tween":true,"target":501,"label":null,"key":"x","index":430},{"value":169,"tweenMethod":"linearNone","tween":true,"target":501,"label":null,"key":"x","index":440},{"value":169,"tweenMethod":"linearNone","tween":true,"target":501,"label":null,"key":"x","index":450},{"value":169,"tweenMethod":"linearNone","tween":true,"target":501,"label":null,"key":"x","index":460},{"value":169,"tweenMethod":"linearNone","tween":true,"target":501,"label":null,"key":"x","index":470},{"value":169,"tweenMethod":"linearNone","tween":true,"target":501,"label":null,"key":"x","index":480},{"value":229,"tweenMethod":"linearNone","tween":true,"target":501,"label":null,"key":"x","index":490},{"value":229,"tweenMethod":"linearNone","tween":true,"target":501,"label":null,"key":"x","index":500},{"value":229,"tweenMethod":"linearNone","tween":true,"target":501,"label":null,"key":"x","index":510},{"value":229,"tweenMethod":"linearNone","tween":true,"target":501,"label":null,"key":"x","index":520},{"value":229,"tweenMethod":"linearNone","tween":true,"target":501,"label":null,"key":"x","index":550},{"value":229,"tweenMethod":"linearNone","tween":true,"target":501,"key":"x","index":670},{"value":330,"tweenMethod":"linearNone","tween":true,"target":501,"key":"x","index":680},{"value":305,"tweenMethod":"linearNone","tween":true,"target":501,"label":null,"key":"x","index":690},{"value":230,"tweenMethod":"linearNone","tween":true,"target":501,"label":null,"key":"x","index":700},{"value":150,"tweenMethod":"linearNone","tween":true,"target":501,"label":null,"key":"x","index":710},{"value":150,"tweenMethod":"linearNone","tween":true,"target":501,"label":null,"key":"x","index":720},{"value":229,"tweenMethod":"linearNone","tween":true,"target":501,"label":null,"key":"x","index":730},{"value":229,"tweenMethod":"linearNone","tween":true,"target":501,"label":null,"key":"x","index":740},{"value":150,"tweenMethod":"linearNone","tween":true,"target":501,"label":null,"key":"x","index":750},{"value":150,"tweenMethod":"linearNone","tween":true,"target":501,"label":null,"key":"x","index":760},{"value":230,"tweenMethod":"linearNone","tween":true,"target":501,"label":null,"key":"x","index":770},{"value":305,"tweenMethod":"linearNone","tween":true,"target":501,"label":null,"key":"x","index":780},{"value":305,"tweenMethod":"linearNone","tween":true,"target":501,"label":null,"key":"x","index":790},{"value":229,"tweenMethod":"linearNone","tween":true,"target":501,"key":"x","index":800},{"value":229,"tweenMethod":"linearNone","tween":true,"target":501,"label":null,"key":"x","index":810},{"value":229,"tweenMethod":"linearNone","tween":true,"target":501,"label":null,"key":"x","index":820},{"value":229,"tweenMethod":"linearNone","tween":true,"target":501,"label":null,"key":"x","index":830}]}},{"target":500,"keyframes":{"y":[{"value":518,"tweenMethod":"linearNone","tween":true,"target":500,"key":"y","index":0},{"value":525,"tweenMethod":"linearNone","tween":true,"target":500,"key":"y","index":10},{"value":525,"tweenMethod":"linearNone","tween":true,"target":500,"label":null,"key":"y","index":20},{"value":518,"tweenMethod":"linearNone","tween":true,"target":500,"label":null,"key":"y","index":30},{"value":518,"tweenMethod":"linearNone","tween":true,"target":500,"label":null,"key":"y","index":40},{"value":525,"tweenMethod":"linearNone","tween":true,"target":500,"label":null,"key":"y","index":50},{"value":525,"tweenMethod":"linearNone","tween":true,"target":500,"label":null,"key":"y","index":60},{"value":518,"tweenMethod":"linearNone","tween":true,"target":500,"label":null,"key":"y","index":70},{"value":518,"tweenMethod":"linearNone","tween":true,"target":500,"label":null,"key":"y","index":80},{"value":525,"tweenMethod":"linearNone","tween":true,"target":500,"label":null,"key":"y","index":90},{"value":525,"tweenMethod":"linearNone","tween":true,"target":500,"label":null,"key":"y","index":100},{"value":525,"tweenMethod":"linearNone","tween":true,"target":500,"label":null,"key":"y","index":120},{"value":512,"tweenMethod":"linearNone","tween":true,"target":500,"label":null,"key":"y","index":130},{"value":512,"tweenMethod":"linearNone","tween":true,"target":500,"label":null,"key":"y","index":140},{"value":525,"tweenMethod":"linearNone","tween":true,"target":500,"label":null,"key":"y","index":150},{"value":525,"tweenMethod":"linearNone","tween":true,"target":500,"label":null,"key":"y","index":160},{"value":512,"tweenMethod":"linearNone","tween":true,"target":500,"label":null,"key":"y","index":170},{"value":512,"tweenMethod":"linearNone","tween":true,"target":500,"label":null,"key":"y","index":180},{"value":525,"tweenMethod":"linearNone","tween":true,"target":500,"label":null,"key":"y","index":190},{"value":525,"tweenMethod":"linearNone","tween":true,"target":500,"label":null,"key":"y","index":200},{"value":512,"tweenMethod":"linearNone","tween":true,"target":500,"label":null,"key":"y","index":210},{"value":512,"tweenMethod":"linearNone","tween":true,"target":500,"label":null,"key":"y","index":220},{"value":512,"tweenMethod":"linearNone","tween":true,"target":500,"label":null,"key":"y","index":240},{"value":525,"tweenMethod":"linearNone","tween":true,"target":500,"label":null,"key":"y","index":250},{"value":525,"tweenMethod":"linearNone","tween":true,"target":500,"label":null,"key":"y","index":260},{"value":512,"tweenMethod":"linearNone","tween":true,"target":500,"label":null,"key":"y","index":270},{"value":512,"tweenMethod":"linearNone","tween":true,"target":500,"label":null,"key":"y","index":280},{"value":525,"tweenMethod":"linearNone","tween":true,"target":500,"label":null,"key":"y","index":290},{"value":525,"tweenMethod":"linearNone","tween":true,"target":500,"label":null,"key":"y","index":300},{"value":512,"tweenMethod":"linearNone","tween":true,"target":500,"label":null,"key":"y","index":310},{"value":512,"tweenMethod":"linearNone","tween":true,"target":500,"label":null,"key":"y","index":320},{"value":525,"tweenMethod":"linearNone","tween":true,"target":500,"label":null,"key":"y","index":330},{"value":525,"tweenMethod":"linearNone","tween":true,"target":500,"label":null,"key":"y","index":340},{"value":512,"tweenMethod":"linearNone","tween":true,"target":500,"label":null,"key":"y","index":350},{"value":512,"tweenMethod":"linearNone","tween":true,"target":500,"label":null,"key":"y","index":380},{"value":525,"tweenMethod":"linearNone","tween":true,"target":500,"label":null,"key":"y","index":390},{"value":525,"tweenMethod":"linearNone","tween":true,"target":500,"label":null,"key":"y","index":400},{"value":512,"tweenMethod":"linearNone","tween":true,"target":500,"label":null,"key":"y","index":410},{"value":512,"tweenMethod":"linearNone","tween":true,"target":500,"label":null,"key":"y","index":420},{"value":525,"tweenMethod":"linearNone","tween":true,"target":500,"label":null,"key":"y","index":430},{"value":525,"tweenMethod":"linearNone","tween":true,"target":500,"label":null,"key":"y","index":440},{"value":512,"tweenMethod":"linearNone","tween":true,"target":500,"label":null,"key":"y","index":450},{"value":512,"tweenMethod":"linearNone","tween":true,"target":500,"label":null,"key":"y","index":460},{"value":529,"tweenMethod":"linearNone","tween":true,"target":500,"label":null,"key":"y","index":470},{"value":529,"tweenMethod":"linearNone","tween":true,"target":500,"label":null,"key":"y","index":480},{"value":529,"tweenMethod":"linearNone","tween":true,"target":500,"label":null,"key":"y","index":490},{"value":529,"tweenMethod":"linearNone","tween":true,"target":500,"label":null,"key":"y","index":500},{"value":529,"tweenMethod":"linearNone","tween":true,"target":500,"label":null,"key":"y","index":510},{"value":518,"tweenMethod":"linearNone","tween":true,"target":500,"label":null,"key":"y","index":520},{"value":518,"tweenMethod":"linearNone","tween":true,"target":500,"key":"y","index":550},{"value":578,"tweenMethod":"linearNone","tween":true,"target":500,"key":"y","index":560},{"value":578,"tweenMethod":"linearNone","tween":true,"target":500,"label":null,"key":"y","index":570},{"value":588,"tweenMethod":"linearNone","tween":true,"target":500,"label":null,"key":"y","index":580},{"value":588,"tweenMethod":"linearNone","tween":true,"target":500,"label":null,"key":"y","index":590},{"value":578,"tweenMethod":"linearNone","tween":true,"target":500,"label":null,"key":"y","index":600},{"value":578,"tweenMethod":"linearNone","tween":true,"target":500,"label":null,"key":"y","index":610},{"value":588,"tweenMethod":"linearNone","tween":true,"target":500,"label":null,"key":"y","index":620},{"value":588,"tweenMethod":"linearNone","tween":true,"target":500,"label":null,"key":"y","index":630},{"value":578,"tweenMethod":"linearNone","tween":true,"target":500,"label":null,"key":"y","index":640},{"value":578,"tweenMethod":"linearNone","tween":true,"target":500,"label":null,"key":"y","index":650},{"value":588,"tweenMethod":"linearNone","tween":true,"target":500,"label":null,"key":"y","index":660},{"value":588,"tweenMethod":"linearNone","tween":true,"target":500,"label":null,"key":"y","index":670},{"value":588,"tweenMethod":"linearNone","tween":true,"target":500,"label":null,"key":"y","index":680},{"value":563,"tweenMethod":"linearNone","tween":true,"target":500,"label":null,"key":"y","index":690},{"value":563,"tweenMethod":"linearNone","tween":true,"target":500,"label":null,"key":"y","index":700},{"value":563,"tweenMethod":"linearNone","tween":true,"target":500,"label":null,"key":"y","index":710},{"value":578,"tweenMethod":"linearNone","tween":true,"target":500,"label":null,"key":"y","index":720},{"value":578,"tweenMethod":"linearNone","tween":true,"target":500,"label":null,"key":"y","index":730},{"value":578,"tweenMethod":"linearNone","tween":true,"target":500,"label":null,"key":"y","index":740},{"value":578,"tweenMethod":"linearNone","tween":true,"target":500,"label":null,"key":"y","index":750},{"value":563,"tweenMethod":"linearNone","tween":true,"target":500,"label":null,"key":"y","index":760},{"value":563,"tweenMethod":"linearNone","tween":true,"target":500,"label":null,"key":"y","index":770},{"value":563,"tweenMethod":"linearNone","tween":true,"target":500,"label":null,"key":"y","index":780},{"value":578,"tweenMethod":"linearNone","tween":true,"target":500,"label":null,"key":"y","index":790},{"value":578,"tweenMethod":"linearNone","tween":true,"target":500,"label":null,"key":"y","index":800},{"value":578,"tweenMethod":"linearNone","tween":true,"target":500,"label":null,"key":"y","index":810},{"value":518,"tweenMethod":"linearNone","tween":true,"target":500,"label":null,"key":"y","index":820},{"value":518,"tweenMethod":"linearNone","tween":true,"target":500,"label":null,"key":"y","index":830}],"x":[{"value":240,"tweenMethod":"linearNone","tween":true,"target":500,"key":"x","index":0},{"value":240,"tweenMethod":"linearNone","tween":true,"target":500,"label":null,"key":"x","index":30},{"value":240,"tweenMethod":"linearNone","tween":true,"target":500,"label":null,"key":"x","index":40},{"value":240,"tweenMethod":"linearNone","tween":true,"target":500,"label":null,"key":"x","index":70},{"value":240,"tweenMethod":"linearNone","tween":true,"target":500,"label":null,"key":"x","index":80},{"value":240,"tweenMethod":"linearNone","tween":true,"target":500,"label":null,"key":"x","index":120},{"value":240,"tweenMethod":"linearNone","tween":true,"target":500,"label":null,"key":"x","index":150},{"value":240,"tweenMethod":"linearNone","tween":true,"target":500,"label":null,"key":"x","index":160},{"value":240,"tweenMethod":"linearNone","tween":true,"target":500,"label":null,"key":"x","index":190},{"value":240,"tweenMethod":"linearNone","tween":true,"target":500,"label":null,"key":"x","index":200},{"value":240,"tweenMethod":"linearNone","tween":true,"target":500,"label":null,"key":"x","index":250},{"value":240,"tweenMethod":"linearNone","tween":true,"target":500,"label":null,"key":"x","index":260},{"value":240,"tweenMethod":"linearNone","tween":true,"target":500,"label":null,"key":"x","index":290},{"value":240,"tweenMethod":"linearNone","tween":true,"target":500,"label":null,"key":"x","index":300},{"value":240,"tweenMethod":"linearNone","tween":true,"target":500,"label":null,"key":"x","index":330},{"value":240,"tweenMethod":"linearNone","tween":true,"target":500,"label":null,"key":"x","index":340},{"value":240,"tweenMethod":"linearNone","tween":true,"target":500,"label":null,"key":"x","index":390},{"value":240,"tweenMethod":"linearNone","tween":true,"target":500,"label":null,"key":"x","index":400},{"value":240,"tweenMethod":"linearNone","tween":true,"target":500,"label":null,"key":"x","index":430},{"value":240,"tweenMethod":"linearNone","tween":true,"target":500,"label":null,"key":"x","index":440},{"value":240,"tweenMethod":"linearNone","tween":true,"target":500,"label":null,"key":"x","index":470},{"value":240,"tweenMethod":"linearNone","tween":true,"target":500,"label":null,"key":"x","index":480},{"value":240,"tweenMethod":"linearNone","tween":true,"target":500,"label":null,"key":"x","index":490},{"value":240,"tweenMethod":"linearNone","tween":true,"target":500,"label":null,"key":"x","index":500},{"value":240,"tweenMethod":"linearNone","tween":true,"target":500,"label":null,"key":"x","index":510},{"value":240,"tweenMethod":"linearNone","tween":true,"target":500,"label":null,"key":"x","index":520},{"value":240,"tweenMethod":"linearNone","tween":true,"target":500,"key":"x","index":550},{"value":240,"tweenMethod":"linearNone","tween":true,"target":500,"label":null,"key":"x","index":580},{"value":240,"tweenMethod":"linearNone","tween":true,"target":500,"label":null,"key":"x","index":590},{"value":240,"tweenMethod":"linearNone","tween":true,"target":500,"label":null,"key":"x","index":600},{"value":240,"tweenMethod":"linearNone","tween":true,"target":500,"label":null,"key":"x","index":610},{"value":240,"tweenMethod":"linearNone","tween":true,"target":500,"label":null,"key":"x","index":620},{"value":240,"tweenMethod":"linearNone","tween":true,"target":500,"label":null,"key":"x","index":630},{"value":240,"tweenMethod":"linearNone","tween":true,"target":500,"label":null,"key":"x","index":640},{"value":240,"tweenMethod":"linearNone","tween":true,"target":500,"label":null,"key":"x","index":650},{"value":240,"tweenMethod":"linearNone","tween":true,"target":500,"label":null,"key":"x","index":660},{"value":240,"tweenMethod":"linearNone","tween":true,"target":500,"label":null,"key":"x","index":670},{"value":240,"tweenMethod":"linearNone","tween":true,"target":500,"label":null,"key":"x","index":680},{"value":240,"tweenMethod":"linearNone","tween":true,"target":500,"label":null,"key":"x","index":690},{"value":240,"tweenMethod":"linearNone","tween":true,"target":500,"label":null,"key":"x","index":700},{"value":240,"tweenMethod":"linearNone","tween":true,"target":500,"label":null,"key":"x","index":710},{"value":240,"tweenMethod":"linearNone","tween":true,"target":500,"label":null,"key":"x","index":720},{"value":240,"tweenMethod":"linearNone","tween":true,"target":500,"label":null,"key":"x","index":730},{"value":240,"tweenMethod":"linearNone","tween":true,"target":500,"label":null,"key":"x","index":740},{"value":240,"tweenMethod":"linearNone","tween":true,"target":500,"label":null,"key":"x","index":750},{"value":240,"tweenMethod":"linearNone","tween":true,"target":500,"label":null,"key":"x","index":760},{"value":240,"tweenMethod":"linearNone","tween":true,"target":500,"label":null,"key":"x","index":770},{"value":240,"tweenMethod":"linearNone","tween":true,"target":500,"label":null,"key":"x","index":780},{"value":240,"tweenMethod":"linearNone","tween":true,"target":500,"label":null,"key":"x","index":790},{"value":240,"tweenMethod":"linearNone","tween":true,"target":500,"label":null,"key":"x","index":800},{"value":240,"tweenMethod":"linearNone","tween":true,"target":500,"label":null,"key":"x","index":810},{"value":240,"tweenMethod":"linearNone","tween":true,"target":500,"label":null,"key":"x","index":820},{"value":240,"tweenMethod":"linearNone","tween":true,"target":500,"label":null,"key":"x","index":830}]}},{"target":482,"keyframes":{"rotation":[{"value":0,"tweenMethod":"linearNone","tween":true,"target":482,"key":"rotation","index":0},{"value":6,"tweenMethod":"linearNone","tween":true,"target":482,"key":"rotation","index":10},{"value":6,"tweenMethod":"linearNone","tween":true,"target":482,"label":null,"key":"rotation","index":20},{"value":0,"tweenMethod":"linearNone","tween":true,"target":482,"label":null,"key":"rotation","index":30},{"value":0,"tweenMethod":"linearNone","tween":true,"target":482,"label":null,"key":"rotation","index":40},{"value":6,"tweenMethod":"linearNone","tween":true,"target":482,"label":null,"key":"rotation","index":50},{"value":6,"tweenMethod":"linearNone","tween":true,"target":482,"label":null,"key":"rotation","index":60},{"value":0,"tweenMethod":"linearNone","tween":true,"target":482,"label":null,"key":"rotation","index":70},{"value":0,"tweenMethod":"linearNone","tween":true,"target":482,"label":null,"key":"rotation","index":80},{"value":6,"tweenMethod":"linearNone","tween":true,"target":482,"label":null,"key":"rotation","index":90},{"value":6,"tweenMethod":"linearNone","tween":true,"target":482,"label":null,"key":"rotation","index":100},{"value":6,"tweenMethod":"linearNone","tween":true,"target":482,"label":null,"key":"rotation","index":120},{"value":0,"tweenMethod":"linearNone","tween":true,"target":482,"key":"rotation","index":130},{"value":0,"tweenMethod":"linearNone","tween":true,"target":482,"label":null,"key":"rotation","index":140},{"value":6,"tweenMethod":"linearNone","tween":true,"target":482,"label":null,"key":"rotation","index":150},{"value":6,"tweenMethod":"linearNone","tween":true,"target":482,"label":null,"key":"rotation","index":160},{"value":0,"tweenMethod":"linearNone","tween":true,"target":482,"label":null,"key":"rotation","index":170},{"value":0,"tweenMethod":"linearNone","tween":true,"target":482,"label":null,"key":"rotation","index":180},{"value":6,"tweenMethod":"linearNone","tween":true,"target":482,"label":null,"key":"rotation","index":190},{"value":6,"tweenMethod":"linearNone","tween":true,"target":482,"label":null,"key":"rotation","index":200},{"value":0,"tweenMethod":"linearNone","tween":true,"target":482,"label":null,"key":"rotation","index":210},{"value":0,"tweenMethod":"linearNone","tween":true,"target":482,"label":null,"key":"rotation","index":220},{"value":0,"tweenMethod":"linearNone","tween":true,"target":482,"label":null,"key":"rotation","index":240},{"value":6,"tweenMethod":"linearNone","tween":true,"target":482,"label":null,"key":"rotation","index":250},{"value":6,"tweenMethod":"linearNone","tween":true,"target":482,"label":null,"key":"rotation","index":260},{"value":0,"tweenMethod":"linearNone","tween":true,"target":482,"label":null,"key":"rotation","index":270},{"value":0,"tweenMethod":"linearNone","tween":true,"target":482,"label":null,"key":"rotation","index":280},{"value":6,"tweenMethod":"linearNone","tween":true,"target":482,"label":null,"key":"rotation","index":290},{"value":6,"tweenMethod":"linearNone","tween":true,"target":482,"label":null,"key":"rotation","index":300},{"value":0,"tweenMethod":"linearNone","tween":true,"target":482,"label":null,"key":"rotation","index":310},{"value":0,"tweenMethod":"linearNone","tween":true,"target":482,"label":null,"key":"rotation","index":320},{"value":6,"tweenMethod":"linearNone","tween":true,"target":482,"label":null,"key":"rotation","index":330},{"value":6,"tweenMethod":"linearNone","tween":true,"target":482,"label":null,"key":"rotation","index":340},{"value":0,"tweenMethod":"linearNone","tween":true,"target":482,"label":null,"key":"rotation","index":350},{"value":0,"tweenMethod":"linearNone","tween":true,"target":482,"label":null,"key":"rotation","index":380},{"value":6,"tweenMethod":"linearNone","tween":true,"target":482,"label":null,"key":"rotation","index":390},{"value":6,"tweenMethod":"linearNone","tween":true,"target":482,"label":null,"key":"rotation","index":400},{"value":0,"tweenMethod":"linearNone","tween":true,"target":482,"label":null,"key":"rotation","index":410},{"value":0,"tweenMethod":"linearNone","tween":true,"target":482,"label":null,"key":"rotation","index":420},{"value":6,"tweenMethod":"linearNone","tween":true,"target":482,"label":null,"key":"rotation","index":430},{"value":6,"tweenMethod":"linearNone","tween":true,"target":482,"label":null,"key":"rotation","index":440},{"value":0,"tweenMethod":"linearNone","tween":true,"target":482,"label":null,"key":"rotation","index":450},{"value":0,"tweenMethod":"linearNone","tween":true,"target":482,"label":null,"key":"rotation","index":460},{"value":6,"tweenMethod":"linearNone","tween":true,"target":482,"label":null,"key":"rotation","index":470},{"value":6,"tweenMethod":"linearNone","tween":true,"target":482,"label":null,"key":"rotation","index":480},{"value":6,"tweenMethod":"linearNone","tween":true,"target":482,"label":null,"key":"rotation","index":510},{"value":0,"tweenMethod":"linearNone","tween":true,"target":482,"label":null,"key":"rotation","index":520},{"value":0,"tweenMethod":"linearNone","tween":true,"target":482,"label":null,"key":"rotation","index":550},{"value":-6,"tweenMethod":"linearNone","tween":true,"target":482,"key":"rotation","index":560},{"value":0,"tweenMethod":"linearNone","tween":true,"target":482,"key":"rotation","index":570},{"value":6,"tweenMethod":"linearNone","tween":true,"target":482,"key":"rotation","index":580},{"value":6,"tweenMethod":"linearNone","tween":true,"target":482,"label":null,"key":"rotation","index":590},{"value":0,"tweenMethod":"linearNone","tween":true,"target":482,"key":"rotation","index":600},{"value":0,"tweenMethod":"linearNone","tween":true,"target":482,"label":null,"key":"rotation","index":610},{"value":6,"tweenMethod":"linearNone","tween":true,"target":482,"label":null,"key":"rotation","index":620},{"value":6,"tweenMethod":"linearNone","tween":true,"target":482,"label":null,"key":"rotation","index":630},{"value":0,"tweenMethod":"linearNone","tween":true,"target":482,"label":null,"key":"rotation","index":640},{"value":0,"tweenMethod":"linearNone","tween":true,"target":482,"label":null,"key":"rotation","index":650},{"value":6,"tweenMethod":"linearNone","tween":true,"target":482,"label":null,"key":"rotation","index":660},{"value":6,"tweenMethod":"linearNone","tween":true,"target":482,"label":null,"key":"rotation","index":670},{"value":6,"tweenMethod":"linearNone","tween":true,"target":482,"label":null,"key":"rotation","index":680},{"value":0,"tweenMethod":"linearNone","tween":true,"target":482,"key":"rotation","index":690},{"value":0,"tweenMethod":"linearNone","tween":true,"target":482,"label":null,"key":"rotation","index":710},{"value":6,"tweenMethod":"linearNone","tween":true,"target":482,"key":"rotation","index":720},{"value":6,"tweenMethod":"linearNone","tween":true,"target":482,"label":null,"key":"rotation","index":730},{"value":6,"tweenMethod":"linearNone","tween":true,"target":482,"label":null,"key":"rotation","index":740},{"value":6,"tweenMethod":"linearNone","tween":true,"target":482,"label":null,"key":"rotation","index":750},{"value":0,"tweenMethod":"linearNone","tween":true,"target":482,"key":"rotation","index":760},{"value":0,"tweenMethod":"linearNone","tween":true,"target":482,"label":null,"key":"rotation","index":770},{"value":0,"tweenMethod":"linearNone","tween":true,"target":482,"label":null,"key":"rotation","index":780},{"value":6,"tweenMethod":"linearNone","tween":true,"target":482,"label":null,"key":"rotation","index":790},{"value":6,"tweenMethod":"linearNone","tween":true,"target":482,"label":null,"key":"rotation","index":800},{"value":6,"tweenMethod":"linearNone","tween":true,"target":482,"label":null,"key":"rotation","index":810},{"value":0,"tweenMethod":"linearNone","tween":true,"target":482,"key":"rotation","index":820}]}},{"target":486,"keyframes":{"rotation":[{"value":0,"tweenMethod":"linearNone","tween":true,"target":486,"key":"rotation","index":0},{"value":-6,"tweenMethod":"linearNone","tween":true,"target":486,"key":"rotation","index":10},{"value":-6,"tweenMethod":"linearNone","tween":true,"target":486,"label":null,"key":"rotation","index":20},{"value":0,"tweenMethod":"linearNone","tween":true,"target":486,"label":null,"key":"rotation","index":30},{"value":0,"tweenMethod":"linearNone","tween":true,"target":486,"label":null,"key":"rotation","index":40},{"value":-6,"tweenMethod":"linearNone","tween":true,"target":486,"label":null,"key":"rotation","index":50},{"value":-6,"tweenMethod":"linearNone","tween":true,"target":486,"label":null,"key":"rotation","index":60},{"value":0,"tweenMethod":"linearNone","tween":true,"target":486,"label":null,"key":"rotation","index":70},{"value":0,"tweenMethod":"linearNone","tween":true,"target":486,"label":null,"key":"rotation","index":80},{"value":-6,"tweenMethod":"linearNone","tween":true,"target":486,"label":null,"key":"rotation","index":90},{"value":-6,"tweenMethod":"linearNone","tween":true,"target":486,"label":null,"key":"rotation","index":100},{"value":-6,"tweenMethod":"linearNone","tween":true,"target":486,"label":null,"key":"rotation","index":120},{"value":0,"tweenMethod":"linearNone","tween":true,"target":486,"key":"rotation","index":130},{"value":0,"tweenMethod":"linearNone","tween":true,"target":486,"label":null,"key":"rotation","index":140},{"value":-6,"tweenMethod":"linearNone","tween":true,"target":486,"label":null,"key":"rotation","index":150},{"value":-6,"tweenMethod":"linearNone","tween":true,"target":486,"label":null,"key":"rotation","index":160},{"value":0,"tweenMethod":"linearNone","tween":true,"target":486,"label":null,"key":"rotation","index":170},{"value":0,"tweenMethod":"linearNone","tween":true,"target":486,"label":null,"key":"rotation","index":180},{"value":-6,"tweenMethod":"linearNone","tween":true,"target":486,"label":null,"key":"rotation","index":190},{"value":-6,"tweenMethod":"linearNone","tween":true,"target":486,"label":null,"key":"rotation","index":200},{"value":0,"tweenMethod":"linearNone","tween":true,"target":486,"label":null,"key":"rotation","index":210},{"value":0,"tweenMethod":"linearNone","tween":true,"target":486,"label":null,"key":"rotation","index":220},{"value":0,"tweenMethod":"linearNone","tween":true,"target":486,"label":null,"key":"rotation","index":240},{"value":-6,"tweenMethod":"linearNone","tween":true,"target":486,"label":null,"key":"rotation","index":250},{"value":-6,"tweenMethod":"linearNone","tween":true,"target":486,"label":null,"key":"rotation","index":260},{"value":0,"tweenMethod":"linearNone","tween":true,"target":486,"label":null,"key":"rotation","index":270},{"value":0,"tweenMethod":"linearNone","tween":true,"target":486,"label":null,"key":"rotation","index":280},{"value":-6,"tweenMethod":"linearNone","tween":true,"target":486,"label":null,"key":"rotation","index":290},{"value":-6,"tweenMethod":"linearNone","tween":true,"target":486,"label":null,"key":"rotation","index":300},{"value":0,"tweenMethod":"linearNone","tween":true,"target":486,"label":null,"key":"rotation","index":310},{"value":0,"tweenMethod":"linearNone","tween":true,"target":486,"label":null,"key":"rotation","index":320},{"value":-6,"tweenMethod":"linearNone","tween":true,"target":486,"label":null,"key":"rotation","index":330},{"value":-6,"tweenMethod":"linearNone","tween":true,"target":486,"label":null,"key":"rotation","index":340},{"value":0,"tweenMethod":"linearNone","tween":true,"target":486,"label":null,"key":"rotation","index":350},{"value":0,"tweenMethod":"linearNone","tween":true,"target":486,"label":null,"key":"rotation","index":380},{"value":-6,"tweenMethod":"linearNone","tween":true,"target":486,"label":null,"key":"rotation","index":390},{"value":-6,"tweenMethod":"linearNone","tween":true,"target":486,"label":null,"key":"rotation","index":400},{"value":0,"tweenMethod":"linearNone","tween":true,"target":486,"label":null,"key":"rotation","index":410},{"value":0,"tweenMethod":"linearNone","tween":true,"target":486,"label":null,"key":"rotation","index":420},{"value":-6,"tweenMethod":"linearNone","tween":true,"target":486,"label":null,"key":"rotation","index":430},{"value":-6,"tweenMethod":"linearNone","tween":true,"target":486,"label":null,"key":"rotation","index":440},{"value":0,"tweenMethod":"linearNone","tween":true,"target":486,"label":null,"key":"rotation","index":450},{"value":0,"tweenMethod":"linearNone","tween":true,"target":486,"label":null,"key":"rotation","index":460},{"value":-6,"tweenMethod":"linearNone","tween":true,"target":486,"label":null,"key":"rotation","index":470},{"value":-6,"tweenMethod":"linearNone","tween":true,"target":486,"label":null,"key":"rotation","index":480},{"value":-6,"tweenMethod":"linearNone","tween":true,"target":486,"label":null,"key":"rotation","index":510},{"value":0,"tweenMethod":"linearNone","tween":true,"target":486,"label":null,"key":"rotation","index":520},{"value":0,"tweenMethod":"linearNone","tween":true,"target":486,"label":null,"key":"rotation","index":550},{"value":6,"tweenMethod":"linearNone","tween":true,"target":486,"key":"rotation","index":560},{"value":0,"tweenMethod":"linearNone","tween":true,"target":486,"key":"rotation","index":570},{"value":-6,"tweenMethod":"linearNone","tween":true,"target":486,"key":"rotation","index":580},{"value":-6,"tweenMethod":"linearNone","tween":true,"target":486,"label":null,"key":"rotation","index":590},{"value":0,"tweenMethod":"linearNone","tween":true,"target":486,"key":"rotation","index":600},{"value":0,"tweenMethod":"linearNone","tween":true,"target":486,"label":null,"key":"rotation","index":610},{"value":-6,"tweenMethod":"linearNone","tween":true,"target":486,"label":null,"key":"rotation","index":620},{"value":-6,"tweenMethod":"linearNone","tween":true,"target":486,"label":null,"key":"rotation","index":630},{"value":0,"tweenMethod":"linearNone","tween":true,"target":486,"label":null,"key":"rotation","index":640},{"value":0,"tweenMethod":"linearNone","tween":true,"target":486,"label":null,"key":"rotation","index":650},{"value":-6,"tweenMethod":"linearNone","tween":true,"target":486,"label":null,"key":"rotation","index":660},{"value":-6,"tweenMethod":"linearNone","tween":true,"target":486,"label":null,"key":"rotation","index":670},{"value":-6,"tweenMethod":"linearNone","tween":true,"target":486,"label":null,"key":"rotation","index":680},{"value":0,"tweenMethod":"linearNone","tween":true,"target":486,"key":"rotation","index":690},{"value":0,"tweenMethod":"linearNone","tween":true,"target":486,"label":null,"key":"rotation","index":710},{"value":-6,"tweenMethod":"linearNone","tween":true,"target":486,"key":"rotation","index":720},{"value":-6,"tweenMethod":"linearNone","tween":true,"target":486,"label":null,"key":"rotation","index":730},{"value":-6,"tweenMethod":"linearNone","tween":true,"target":486,"label":null,"key":"rotation","index":740},{"value":-6,"tweenMethod":"linearNone","tween":true,"target":486,"label":null,"key":"rotation","index":750},{"value":0,"tweenMethod":"linearNone","tween":true,"target":486,"key":"rotation","index":760},{"value":0,"tweenMethod":"linearNone","tween":true,"target":486,"label":null,"key":"rotation","index":770},{"value":0,"tweenMethod":"linearNone","tween":true,"target":486,"label":null,"key":"rotation","index":780},{"value":-6,"tweenMethod":"linearNone","tween":true,"target":486,"label":null,"key":"rotation","index":790},{"value":-6,"tweenMethod":"linearNone","tween":true,"target":486,"label":null,"key":"rotation","index":800},{"value":-6,"tweenMethod":"linearNone","tween":true,"target":486,"label":null,"key":"rotation","index":810},{"value":0,"tweenMethod":"linearNone","tween":true,"target":486,"key":"rotation","index":820}]}},{"target":466,"keyframes":{"scaleY":[{"value":1,"tweenMethod":"linearNone","tween":true,"target":466,"key":"scaleY","index":0},{"value":1,"tweenMethod":"linearNone","tween":true,"target":466,"key":"scaleY","index":90},{"value":0,"tweenMethod":"linearNone","tween":true,"target":466,"key":"scaleY","index":95},{"value":1,"tweenMethod":"linearNone","tween":true,"target":466,"key":"scaleY","index":100},{"value":1,"tweenMethod":"linearNone","tween":true,"target":466,"label":null,"key":"scaleY","index":230},{"value":0,"tweenMethod":"linearNone","tween":true,"target":466,"label":null,"key":"scaleY","index":235},{"value":1,"tweenMethod":"linearNone","tween":true,"target":466,"label":null,"key":"scaleY","index":240},{"value":1,"tweenMethod":"linearNone","tween":true,"target":466,"label":null,"key":"scaleY","index":370},{"value":0,"tweenMethod":"linearNone","tween":true,"target":466,"label":null,"key":"scaleY","index":375},{"value":1,"tweenMethod":"linearNone","tween":true,"target":466,"label":null,"key":"scaleY","index":380},{"value":1,"tweenMethod":"linearNone","tween":true,"target":466,"label":null,"key":"scaleY","index":490},{"value":0,"tweenMethod":"linearNone","tween":true,"target":466,"label":null,"key":"scaleY","index":495},{"value":1,"tweenMethod":"linearNone","tween":true,"target":466,"label":null,"key":"scaleY","index":500},{"value":1,"tweenMethod":"linearNone","tween":true,"target":466,"label":null,"key":"scaleY","index":660},{"value":0,"tweenMethod":"linearNone","tween":true,"target":466,"label":null,"key":"scaleY","index":665},{"value":1,"tweenMethod":"linearNone","tween":true,"target":466,"label":null,"key":"scaleY","index":670},{"value":1,"tweenMethod":"linearNone","tween":true,"target":466,"label":null,"key":"scaleY","index":820},{"value":0,"tweenMethod":"linearNone","tween":true,"target":466,"label":null,"key":"scaleY","index":825},{"value":1,"tweenMethod":"linearNone","tween":true,"target":466,"label":null,"key":"scaleY","index":830}]}}],"name":"action1","id":1,"frameRate":60,"action":0},{"nodes":[{"target":176,"keyframes":{"y":[{"value":420,"tweenMethod":"linearNone","tween":true,"target":176,"key":"y","index":0},{"value":420,"tweenMethod":"linearNone","tween":true,"target":176,"label":null,"key":"y","index":130},{"value":420,"tweenMethod":"linearNone","tween":true,"target":176,"label":null,"key":"y","index":160},{"value":420,"tweenMethod":"linearNone","tween":true,"target":176,"key":"y","index":240},{"value":309,"tweenMethod":"linearNone","tween":true,"target":176,"key":"y","index":255},{"value":309,"tweenMethod":"linearNone","tween":true,"target":176,"label":null,"key":"y","index":340},{"value":420,"tweenMethod":"linearNone","tween":true,"target":176,"label":null,"key":"y","index":370}],"x":[{"value":287,"tweenMethod":"linearNone","tween":true,"target":176,"key":"x","index":0},{"value":287,"tweenMethod":"linearNone","tween":true,"target":176,"label":null,"key":"x","index":130},{"value":287,"tweenMethod":"linearNone","tween":true,"target":176,"label":null,"key":"x","index":160},{"value":287,"tweenMethod":"linearNone","tween":true,"target":176,"key":"x","index":240},{"value":296,"tweenMethod":"linearNone","tween":true,"target":176,"key":"x","index":255},{"value":296,"tweenMethod":"linearNone","tween":true,"target":176,"label":null,"key":"x","index":340},{"value":287,"tweenMethod":"linearNone","tween":true,"target":176,"label":null,"key":"x","index":370}],"rotation":[{"value":0,"tweenMethod":"linearNone","tween":true,"target":176,"key":"rotation","index":0},{"value":-20,"tweenMethod":"linearNone","tween":true,"target":176,"key":"rotation","index":30},{"value":-20,"tweenMethod":"linearNone","tween":true,"target":176,"label":null,"key":"rotation","index":60},{"value":0,"tweenMethod":"linearNone","tween":true,"target":176,"key":"rotation","index":90},{"value":0,"tweenMethod":"linearNone","tween":true,"target":176,"label":null,"key":"rotation","index":110},{"value":20,"tweenMethod":"linearNone","tween":true,"target":176,"label":null,"key":"rotation","index":130},{"value":20,"tweenMethod":"linearNone","tween":true,"target":176,"label":null,"key":"rotation","index":160},{"value":0,"tweenMethod":"linearNone","tween":true,"target":176,"key":"rotation","index":180},{"value":0,"tweenMethod":"linearNone","tween":true,"target":176,"label":null,"key":"rotation","index":195},{"value":6,"tweenMethod":"linearNone","tween":true,"target":176,"key":"rotation","index":210},{"value":-10,"tweenMethod":"linearNone","tween":true,"target":176,"key":"rotation","index":225},{"value":0,"tweenMethod":"linearNone","tween":true,"target":176,"key":"rotation","index":240},{"value":0,"tweenMethod":"linearNone","tween":true,"target":176,"key":"rotation","index":255},{"value":8,"tweenMethod":"linearNone","tween":true,"target":176,"key":"rotation","index":270},{"value":0,"tweenMethod":"linearNone","tween":true,"target":176,"key":"rotation","index":285},{"value":8,"tweenMethod":"linearNone","tween":true,"target":176,"key":"rotation","index":300},{"value":0,"tweenMethod":"linearNone","tween":true,"target":176,"key":"rotation","index":310},{"value":8,"tweenMethod":"linearNone","tween":true,"target":176,"key":"rotation","index":325},{"value":0,"tweenMethod":"linearNone","tween":true,"target":176,"label":null,"key":"rotation","index":340},{"value":0,"tweenMethod":"linearNone","tween":true,"target":176,"label":null,"key":"rotation","index":370}],"pivotY":[{"value":401,"tweenMethod":"linearNone","tween":true,"target":176,"key":"pivotY","index":0},{"value":401,"tweenMethod":"linearNone","tween":true,"target":176,"label":null,"key":"pivotY","index":130},{"value":401,"tweenMethod":"linearNone","tween":true,"target":176,"label":null,"key":"pivotY","index":160}],"pivotX":[{"value":253,"tweenMethod":"linearNone","tween":true,"target":176,"key":"pivotX","index":0},{"value":253,"tweenMethod":"linearNone","tween":true,"target":176,"label":null,"key":"pivotX","index":130},{"value":253,"tweenMethod":"linearNone","tween":true,"target":176,"label":null,"key":"pivotX","index":160}]}},{"target":177,"keyframes":{"zOrder":[{"value":99,"tweenMethod":"linearNone","tween":true,"target":177,"key":"zOrder","index":0}],"y":[{"value":394,"tweenMethod":"linearNone","tween":true,"target":177,"key":"y","index":0},{"value":394,"tweenMethod":"linearNone","tween":true,"target":177,"key":"y","index":240},{"value":334,"tweenMethod":"linearNone","tween":true,"target":177,"key":"y","index":255},{"value":334,"tweenMethod":"linearNone","tween":true,"target":177,"label":null,"key":"y","index":340},{"value":394,"tweenMethod":"linearNone","tween":true,"target":177,"label":null,"key":"y","index":370}],"x":[{"value":274,"tweenMethod":"linearNone","tween":true,"target":177,"key":"x","index":0},{"value":274,"tweenMethod":"linearNone","tween":true,"target":177,"key":"x","index":240},{"value":305,"tweenMethod":"linearNone","tween":true,"target":177,"key":"x","index":255},{"value":305,"tweenMethod":"linearNone","tween":true,"target":177,"label":null,"key":"x","index":340},{"value":274,"tweenMethod":"linearNone","tween":true,"target":177,"label":null,"key":"x","index":370}],"rotation":[{"value":0,"tweenMethod":"linearNone","tween":true,"target":177,"key":"rotation","index":0},{"value":0,"tweenMethod":"linearNone","tween":true,"target":177,"key":"rotation","index":240},{"value":17,"tweenMethod":"linearNone","tween":true,"target":177,"key":"rotation","index":255},{"value":17,"tweenMethod":"linearNone","tween":true,"target":177,"label":null,"key":"rotation","index":340},{"value":0,"tweenMethod":"linearNone","tween":true,"target":177,"label":null,"key":"rotation","index":370}]}},{"target":174,"keyframes":{"rotation":[{"value":0,"tweenMethod":"linearNone","tween":true,"target":174,"key":"rotation","index":0},{"value":0,"tweenMethod":"linearNone","tween":true,"target":174,"key":"rotation","index":240},{"value":-134,"tweenMethod":"linearNone","tween":true,"target":174,"key":"rotation","index":255},{"value":-134,"tweenMethod":"linearNone","tween":true,"target":174,"label":null,"key":"rotation","index":340},{"value":0,"tweenMethod":"linearNone","tween":true,"target":174,"label":null,"key":"rotation","index":370}]}},{"target":172,"keyframes":{"zOrder":[{"value":95,"tweenMethod":"linearNone","tween":true,"target":172,"key":"zOrder","index":0}],"y":[{"value":331,"tweenMethod":"linearNone","tween":true,"target":172,"key":"y","index":0},{"value":340,"tweenMethod":"linearNone","tween":true,"target":172,"key":"y","index":255}],"x":[{"value":217,"tweenMethod":"linearNone","tween":true,"target":172,"key":"x","index":0},{"value":218.5,"tweenMethod":"linearNone","tween":true,"target":172,"key":"x","index":255}],"rotation":[{"value":0,"tweenMethod":"linearNone","tween":true,"target":172,"key":"rotation","index":0},{"value":0,"tweenMethod":"linearNone","tween":true,"target":172,"key":"rotation","index":240},{"value":-61,"tweenMethod":"linearNone","tween":true,"target":172,"key":"rotation","index":255},{"value":-61,"tweenMethod":"linearNone","tween":true,"target":172,"label":null,"key":"rotation","index":340},{"value":0,"tweenMethod":"linearNone","tween":true,"target":172,"label":null,"key":"rotation","index":370}]}},{"target":168,"keyframes":{"zOrder":[{"value":100,"tweenMethod":"linearNone","tween":true,"target":168,"key":"zOrder","index":0},{"value":100,"tweenMethod":"linearNone","tween":true,"target":168,"label":null,"key":"zOrder","index":90},{"value":99,"tweenMethod":"linearNone","tween":true,"target":168,"label":null,"key":"zOrder","index":240},{"value":101,"tweenMethod":"linearNone","tween":true,"target":168,"key":"zOrder","index":255},{"value":101,"tweenMethod":"linearNone","tween":true,"target":168,"label":null,"key":"zOrder","index":340},{"value":99,"tweenMethod":"linearNone","tween":true,"target":168,"label":null,"key":"zOrder","index":370}],"y":[{"value":443,"tweenMethod":"linearNone","tween":true,"target":168,"key":"y","index":0},{"value":443,"tweenMethod":"linearNone","tween":true,"target":168,"label":null,"key":"y","index":90},{"value":443,"tweenMethod":"linearNone","tween":true,"target":168,"label":null,"key":"y","index":240},{"value":387,"tweenMethod":"linearNone","tween":true,"target":168,"key":"y","index":255},{"value":387,"tweenMethod":"linearNone","tween":true,"target":168,"label":null,"key":"y","index":340},{"value":443,"tweenMethod":"linearNone","tween":true,"target":168,"label":null,"key":"y","index":370}],"x":[{"value":318,"tweenMethod":"linearNone","tween":true,"target":168,"key":"x","index":0},{"value":318,"tweenMethod":"linearNone","tween":true,"target":168,"label":null,"key":"x","index":90},{"value":318,"tweenMethod":"linearNone","tween":true,"target":168,"label":null,"key":"x","index":240},{"value":357.5,"tweenMethod":"linearNone","tween":true,"target":168,"key":"x","index":255},{"value":357.5,"tweenMethod":"linearNone","tween":true,"target":168,"label":null,"key":"x","index":340},{"value":318,"tweenMethod":"linearNone","tween":true,"target":168,"label":null,"key":"x","index":370}],"rotation":[{"value":0,"tweenMethod":"linearNone","tween":true,"target":168,"key":"rotation","index":0},{"value":-115,"tweenMethod":"linearNone","tween":true,"target":168,"key":"rotation","index":30},{"value":-115,"tweenMethod":"linearNone","tween":true,"target":168,"label":null,"key":"rotation","index":60},{"value":0,"tweenMethod":"linearNone","tween":true,"target":168,"label":null,"key":"rotation","index":90},{"value":0,"tweenMethod":"linearNone","tween":true,"target":168,"key":"rotation","index":110},{"value":40,"tweenMethod":"linearNone","tween":true,"target":168,"key":"rotation","index":130},{"value":40,"tweenMethod":"linearNone","tween":true,"target":168,"label":null,"key":"rotation","index":160},{"value":0,"tweenMethod":"linearNone","tween":true,"target":168,"key":"rotation","index":180},{"value":0,"tweenMethod":"linearNone","tween":true,"target":168,"label":null,"key":"rotation","index":195},{"value":0,"tweenMethod":"linearNone","tween":true,"target":168,"key":"rotation","index":210},{"value":0,"tweenMethod":"linearNone","tween":true,"target":168,"label":null,"key":"rotation","index":240},{"value":-135,"tweenMethod":"linearNone","tween":true,"target":168,"key":"rotation","index":255},{"value":-135,"tweenMethod":"linearNone","tween":true,"target":168,"label":null,"key":"rotation","index":340},{"value":0,"tweenMethod":"linearNone","tween":true,"target":168,"label":null,"key":"rotation","index":370}]}},{"target":170,"keyframes":{"rotation":[{"value":0,"tweenMethod":"linearNone","tween":true,"target":170,"key":"rotation","index":0},{"value":-111,"tweenMethod":"linearNone","tween":true,"target":170,"key":"rotation","index":30},{"value":-111,"tweenMethod":"linearNone","tween":true,"target":170,"label":null,"key":"rotation","index":60},{"value":0,"tweenMethod":"linearNone","tween":true,"target":170,"label":null,"key":"rotation","index":90},{"value":0,"tweenMethod":"linearNone","tween":true,"target":170,"key":"rotation","index":110},{"value":50,"tweenMethod":"linearNone","tween":true,"target":170,"key":"rotation","index":130},{"value":50,"tweenMethod":"linearNone","tween":true,"target":170,"label":null,"key":"rotation","index":160},{"value":0,"tweenMethod":"linearNone","tween":true,"target":170,"key":"rotation","index":180},{"value":0,"tweenMethod":"linearNone","tween":true,"target":170,"label":null,"key":"rotation","index":195},{"value":0,"tweenMethod":"linearNone","tween":true,"target":170,"key":"rotation","index":210},{"value":0,"tweenMethod":"linearNone","tween":true,"target":170,"key":"rotation","index":240},{"value":47,"tweenMethod":"linearNone","tween":true,"target":170,"key":"rotation","index":255},{"value":83,"tweenMethod":"linearNone","tween":true,"target":170,"key":"rotation","index":270},{"value":37,"tweenMethod":"linearNone","tween":true,"target":170,"key":"rotation","index":285},{"value":76,"tweenMethod":"linearNone","tween":true,"target":170,"key":"rotation","index":300},{"value":32,"tweenMethod":"linearNone","tween":true,"target":170,"key":"rotation","index":310},{"value":83,"tweenMethod":"linearNone","tween":true,"target":170,"label":null,"key":"rotation","index":325},{"value":47,"tweenMethod":"linearNone","tween":true,"target":170,"label":null,"key":"rotation","index":340},{"value":0,"tweenMethod":"linearNone","tween":true,"target":170,"label":null,"key":"rotation","index":370}]}},{"target":164,"keyframes":{"zOrder":[{"value":98,"tweenMethod":"linearNone","tween":true,"target":164,"key":"zOrder","index":0}],"rotation":[{"value":0,"tweenMethod":"linearNone","tween":true,"target":164,"key":"rotation","index":0}]}},{"target":152,"keyframes":{"y":[{"value":152,"tweenMethod":"linearNone","tween":true,"target":152,"key":"y","index":0},{"value":163.5,"tweenMethod":"linearNone","tween":true,"target":152,"key":"y","index":30},{"value":163.5,"tweenMethod":"linearNone","tween":true,"target":152,"label":null,"key":"y","index":60},{"value":175,"tweenMethod":"linearNone","tween":true,"target":152,"key":"y","index":95},{"value":175,"tweenMethod":"linearNone","tween":true,"target":152,"label":null,"key":"y","index":105},{"value":168,"tweenMethod":"linearNone","tween":true,"target":152,"key":"y","index":130},{"value":168,"tweenMethod":"linearNone","tween":true,"target":152,"key":"y","index":160},{"value":152,"tweenMethod":"linearNone","tween":true,"target":152,"label":null,"key":"y","index":180},{"value":152,"tweenMethod":"linearNone","tween":true,"target":152,"label":null,"key":"y","index":195},{"value":163.5,"tweenMethod":"linearNone","tween":true,"target":152,"key":"y","index":225}],"x":[{"value":380,"tweenMethod":"linearNone","tween":true,"target":152,"key":"x","index":0},{"value":374.5,"tweenMethod":"linearNone","tween":true,"target":152,"key":"x","index":30},{"value":374.5,"tweenMethod":"linearNone","tween":true,"target":152,"label":null,"key":"x","index":60},{"value":360,"tweenMethod":"linearNone","tween":true,"target":152,"key":"x","index":95},{"value":360,"tweenMethod":"linearNone","tween":true,"target":152,"label":null,"key":"x","index":105},{"value":367,"tweenMethod":"linearNone","tween":true,"target":152,"key":"x","index":130},{"value":367,"tweenMethod":"linearNone","tween":true,"target":152,"key":"x","index":160},{"value":380,"tweenMethod":"linearNone","tween":true,"target":152,"label":null,"key":"x","index":180},{"value":380,"tweenMethod":"linearNone","tween":true,"target":152,"label":null,"key":"x","index":195},{"value":374.5,"tweenMethod":"linearNone","tween":true,"target":152,"key":"x","index":225}],"rotation":[{"value":0,"tweenMethod":"linearNone","tween":true,"target":152,"key":"rotation","index":0},{"value":26,"tweenMethod":"linearNone","tween":true,"target":152,"key":"rotation","index":30},{"value":26,"tweenMethod":"linearNone","tween":true,"target":152,"label":null,"key":"rotation","index":60},{"value":0,"tweenMethod":"linearNone","tween":true,"target":152,"key":"rotation","index":90},{"value":-24,"tweenMethod":"linearNone","tween":true,"target":152,"key":"rotation","index":95},{"value":8,"tweenMethod":"linearNone","tween":true,"target":152,"label":null,"key":"rotation","index":100},{"value":-24,"tweenMethod":"linearNone","tween":true,"target":152,"label":null,"key":"rotation","index":105},{"value":0,"tweenMethod":"linearNone","tween":true,"target":152,"label":null,"key":"rotation","index":110},{"value":27,"tweenMethod":"linearNone","tween":true,"target":152,"key":"rotation","index":130},{"value":27,"tweenMethod":"linearNone","tween":true,"target":152,"label":null,"key":"rotation","index":160},{"value":1,"tweenMethod":"linearNone","tween":true,"target":152,"key":"rotation","index":180},{"value":1,"tweenMethod":"linearNone","tween":true,"target":152,"label":null,"key":"rotation","index":195},{"value":11,"tweenMethod":"linearNone","tween":true,"target":152,"key":"rotation","index":210},{"value":-14,"tweenMethod":"linearNone","tween":true,"target":152,"key":"rotation","index":225},{"value":0,"tweenMethod":"linearNone","tween":true,"target":152,"key":"rotation","index":240}]}},{"target":154,"keyframes":{"y":[{"value":144,"tweenMethod":"linearNone","tween":true,"target":154,"key":"y","index":0},{"value":162.5,"tweenMethod":"linearNone","tween":true,"target":154,"key":"y","index":30},{"value":162.5,"tweenMethod":"linearNone","tween":true,"target":154,"label":null,"key":"y","index":60},{"value":160.5,"tweenMethod":"linearNone","tween":true,"target":154,"key":"y","index":95},{"value":160.5,"tweenMethod":"linearNone","tween":true,"target":154,"label":null,"key":"y","index":105},{"value":160,"tweenMethod":"linearNone","tween":true,"target":154,"key":"y","index":130},{"value":160,"tweenMethod":"linearNone","tween":true,"target":154,"key":"y","index":160},{"value":144,"tweenMethod":"linearNone","tween":true,"target":154,"label":null,"key":"y","index":180},{"value":144,"tweenMethod":"linearNone","tween":true,"target":154,"label":null,"key":"y","index":195},{"value":152,"tweenMethod":"linearNone","tween":true,"target":154,"key":"y","index":210},{"value":162.5,"tweenMethod":"linearNone","tween":true,"target":154,"key":"y","index":225}],"x":[{"value":120,"tweenMethod":"linearNone","tween":true,"target":154,"key":"x","index":0},{"value":130.5,"tweenMethod":"linearNone","tween":true,"target":154,"key":"x","index":30},{"value":130.5,"tweenMethod":"linearNone","tween":true,"target":154,"label":null,"key":"x","index":60},{"value":137.5,"tweenMethod":"linearNone","tween":true,"target":154,"key":"x","index":95},{"value":137.5,"tweenMethod":"linearNone","tween":true,"target":154,"label":null,"key":"x","index":105},{"value":135,"tweenMethod":"linearNone","tween":true,"target":154,"key":"x","index":130},{"value":135,"tweenMethod":"linearNone","tween":true,"target":154,"key":"x","index":160},{"value":120,"tweenMethod":"linearNone","tween":true,"target":154,"label":null,"key":"x","index":180},{"value":120,"tweenMethod":"linearNone","tween":true,"target":154,"label":null,"key":"x","index":195},{"value":122,"tweenMethod":"linearNone","tween":true,"target":154,"key":"x","index":210}],"rotation":[{"value":0,"tweenMethod":"linearNone","tween":true,"target":154,"key":"rotation","index":0},{"value":-31,"tweenMethod":"linearNone","tween":true,"target":154,"key":"rotation","index":30},{"value":-31,"tweenMethod":"linearNone","tween":true,"target":154,"label":null,"key":"rotation","index":60},{"value":0,"tweenMethod":"linearNone","tween":true,"target":154,"key":"rotation","index":90},{"value":22,"tweenMethod":"linearNone","tween":true,"target":154,"key":"rotation","index":95},{"value":-11,"tweenMethod":"linearNone","tween":true,"target":154,"label":null,"key":"rotation","index":100},{"value":22,"tweenMethod":"linearNone","tween":true,"target":154,"label":null,"key":"rotation","index":105},{"value":0,"tweenMethod":"linearNone","tween":true,"target":154,"label":null,"key":"rotation","index":110},{"value":-32,"tweenMethod":"linearNone","tween":true,"target":154,"key":"rotation","index":130},{"value":-32,"tweenMethod":"linearNone","tween":true,"target":154,"label":null,"key":"rotation","index":160},{"value":0,"tweenMethod":"linearNone","tween":true,"target":154,"label":null,"key":"rotation","index":180},{"value":0,"tweenMethod":"linearNone","tween":true,"target":154,"label":null,"key":"rotation","index":195},{"value":11,"tweenMethod":"linearNone","tween":true,"target":154,"key":"rotation","index":210},{"value":-20,"tweenMethod":"linearNone","tween":true,"target":154,"key":"rotation","index":225},{"value":0,"tweenMethod":"linearNone","tween":true,"target":154,"key":"rotation","index":240}]}},{"target":156,"keyframes":{"scaleY":[{"value":1,"tweenMethod":"linearNone","tween":true,"target":156,"key":"scaleY","index":0},{"value":1,"tweenMethod":"linearNone","tween":true,"target":156,"key":"scaleY","index":37},{"value":0,"tweenMethod":"linearNone","tween":true,"target":156,"key":"scaleY","index":40},{"value":1,"tweenMethod":"linearNone","tween":true,"target":156,"key":"scaleY","index":43},{"value":1,"tweenMethod":"linearNone","tween":true,"target":156,"key":"scaleY","index":135},{"value":0,"tweenMethod":"linearNone","tween":true,"target":156,"key":"scaleY","index":137},{"value":1,"tweenMethod":"linearNone","tween":true,"target":156,"key":"scaleY","index":139}]}},{"target":158,"keyframes":{"scaleY":[{"value":1,"tweenMethod":"linearNone","tween":true,"target":158,"key":"scaleY","index":0},{"value":1,"tweenMethod":"linearNone","tween":true,"target":158,"key":"scaleY","index":37},{"value":0,"tweenMethod":"linearNone","tween":true,"target":158,"key":"scaleY","index":40},{"value":1,"tweenMethod":"linearNone","tween":true,"target":158,"key":"scaleY","index":43},{"value":1,"tweenMethod":"linearNone","tween":true,"target":158,"key":"scaleY","index":135},{"value":0,"tweenMethod":"linearNone","tween":true,"target":158,"key":"scaleY","index":137},{"value":1,"tweenMethod":"linearNone","tween":true,"target":158,"key":"scaleY","index":139}]}},{"target":162,"keyframes":{"scaleY":[{"value":1,"tweenMethod":"linearNone","tween":true,"target":162,"key":"scaleY","index":0},{"value":1,"tweenMethod":"linearNone","tween":true,"target":162,"key":"scaleY","index":48},{"value":0.7,"tweenMethod":"linearNone","tween":true,"target":162,"key":"scaleY","index":53},{"value":1,"tweenMethod":"linearNone","tween":true,"target":162,"key":"scaleY","index":58},{"value":1,"tweenMethod":"linearNone","tween":true,"target":162,"key":"scaleY","index":145},{"value":0.7,"tweenMethod":"linearNone","tween":true,"target":162,"key":"scaleY","index":150},{"value":1,"tweenMethod":"linearNone","tween":true,"target":162,"key":"scaleY","index":160}],"scaleX":[{"value":1,"tweenMethod":"linearNone","tween":true,"target":162,"key":"scaleX","index":0},{"value":1,"tweenMethod":"linearNone","tween":true,"target":162,"key":"scaleX","index":48},{"value":0.7,"tweenMethod":"linearNone","tween":true,"target":162,"key":"scaleX","index":53},{"value":1,"tweenMethod":"linearNone","tween":true,"target":162,"key":"scaleX","index":58},{"value":1,"tweenMethod":"linearNone","tween":true,"target":162,"key":"scaleX","index":145},{"value":0.7,"tweenMethod":"linearNone","tween":true,"target":162,"key":"scaleX","index":150},{"value":1,"tweenMethod":"linearNone","tween":true,"target":162,"key":"scaleX","index":160}]}},{"target":166,"keyframes":{"rotation":[{"value":0,"tweenMethod":"linearNone","tween":true,"target":166,"key":"rotation","index":0},{"value":-31,"tweenMethod":"linearNone","tween":true,"target":166,"key":"rotation","index":30},{"value":-2,"tweenMethod":"linearNone","tween":true,"target":166,"key":"rotation","index":43},{"value":-31,"tweenMethod":"linearNone","tween":true,"target":166,"label":null,"key":"rotation","index":60},{"value":0,"tweenMethod":"linearNone","tween":true,"target":166,"key":"rotation","index":90},{"value":0,"tweenMethod":"linearNone","tween":true,"target":166,"key":"rotation","index":110},{"value":20,"tweenMethod":"linearNone","tween":true,"target":166,"key":"rotation","index":130},{"value":20,"tweenMethod":"linearNone","tween":true,"target":166,"key":"rotation","index":160},{"value":0,"tweenMethod":"linearNone","tween":true,"target":166,"key":"rotation","index":180},{"value":0,"tweenMethod":"linearNone","tween":true,"target":166,"label":null,"key":"rotation","index":195},{"value":-25,"tweenMethod":"linearNone","tween":true,"target":166,"key":"rotation","index":210},{"value":0,"tweenMethod":"linearNone","tween":true,"target":166,"key":"rotation","index":240},{"value":0,"tweenMethod":"linearNone","tween":true,"target":166,"key":"rotation","index":255},{"value":-20,"tweenMethod":"linearNone","tween":true,"target":166,"key":"rotation","index":270},{"value":0,"tweenMethod":"linearNone","tween":true,"target":166,"key":"rotation","index":285},{"value":-20,"tweenMethod":"linearNone","tween":true,"target":166,"key":"rotation","index":300},{"value":0,"tweenMethod":"linearNone","tween":true,"target":166,"key":"rotation","index":310},{"value":-20,"tweenMethod":"linearNone","tween":true,"target":166,"key":"rotation","index":325},{"value":0,"tweenMethod":"linearNone","tween":true,"target":166,"key":"rotation","index":340}]}}],"name":"action1_0","id":1,"frameRate":60,"action":0}],"loadList":["Frame/UI/ui_orthogon_white.png","Game/UI/GameScene/Level10/erduomask.png","Game/UI/GameScene/Level10/erduo.png","Game/UI/GameScene/Level10/lianmask.png","Game/UI/GameScene/Level10/lian.png","Game/UI/GameScene/Level10/toufamask.png","Game/UI/GameScene/Level10/toufa.png","Game/UI/GameScene/Level10/zouwenmask.png","Game/UI/GameScene/Level10/zouwen.png","Game/UI/GameScene/Level10/bizimask.png","Game/UI/GameScene/Level10/bizi.png","Game/UI/GameScene/Level10/yanjingmask.png","Game/UI/GameScene/Level10/yanjingmaskBoard.png","Game/UI/GameScene/Level10/yanjing.png","Game/UI/GameScene/Level10/zuimask.png","Game/UI/GameScene/Level10/zui.png","Game/UI/GameScene/Level10/tuimask.png","Game/UI/GameScene/Level10/tui.png","Game/UI/GameScene/Level10/shoubimask.png","Game/UI/GameScene/Level10/shoubi.png","Game/UI/GameScene/Level10/yifumask.png","Game/UI/GameScene/Level10/yifu.png","Game/UI/GameScene/Level10/tanghulumask.png","Game/UI/GameScene/Level10/tanghulu.png"],"loadList3D":[]}