{"type":"View","props":{"width":720,"height":1280},"compId":2,"child":[{"type":"Image","props":{"var":"Background","top":0,"skin":"Frame/UI/ui_orthogon_white.png","sizeGrid":"16,15,18,8","right":0,"name":"Background","left":0,"bottom":0},"compId":11},{"type":"Image","props":{"y":29,"x":51,"width":720,"var":"DrawRoot","scaleY":0.85,"scaleX":0.85,"name":"DrawRoot","height":1280},"compId":13,"child":[{"type":"Image","props":{"y":507,"x":376,"width":653,"var":"Owl","scaleY":1,"scaleX":1,"pivotY":365,"pivotX":336,"name":"Owl","height":729},"compId":396,"child":[{"type":"Image","props":{"zOrder":100,"y":318,"x":326,"width":512,"pivotY":318,"pivotX":256,"name":"Head","height":407},"compId":350,"child":[{"type":"Image","props":{"zOrder":97,"y":388,"x":263,"width":466,"var":"Draw1","skin":"Game/UI/GameScene/Level8/lianmask.png","pivotY":329,"pivotX":233,"name":"Draw1","height":382},"compId":369,"child":[{"type":"Image","props":{"y":0,"x":0,"skin":"Game/UI/GameScene/Level8/lianmask.png","renderType":"mask","name":"Mask"},"compId":375},{"type":"Image","props":{"y":48,"x":46,"width":375,"skin":"Game/UI/GameScene/Level8/lianmask.png","name":"MaskBoard","height":296},"compId":398},{"type":"Image","props":{"y":0,"x":0,"skin":"Game/UI/GameScene/Level8/lian.png","name":"Pic"},"compId":376}]},{"type":"Image","props":{"zOrder":98,"y":122,"x":405,"width":141,"var":"Draw6","skin":"Game/UI/GameScene/Level8/erduo mask.png","rotation":0,"pivotY":115,"pivotX":58,"name":"Draw6","height":124},"compId":370,"child":[{"type":"Image","props":{"y":0,"x":0,"skin":"Game/UI/GameScene/Level8/erduo mask.png","renderType":"mask","name":"Mask"},"compId":378},{"type":"Image","props":{"skin":"Game/UI/GameScene/Level8/erduo .png","name":"Pic"},"compId":379}]},{"type":"Image","props":{"zOrder":98,"y":117,"x":119,"width":141,"var":"Draw5","skin":"Game/UI/GameScene/Level8/erduo mask.png","scaleX":-1,"rotation":0,"pivotY":106,"pivotX":59,"name":"Draw5","height":124},"compId":371,"child":[{"type":"Image","props":{"y":0,"x":0,"skin":"Game/UI/GameScene/Level8/erduo mask.png","renderType":"mask","name":"Mask"},"compId":380},{"type":"Image","props":{"skin":"Game/UI/GameScene/Level8/erduo .png","name":"Pic"},"compId":381}]},{"type":"Image","props":{"zOrder":99,"y":230,"x":384,"width":240,"var":"Draw3","skin":"Game/UI/GameScene/Level8/yanjingmask.png","pivotY":120,"pivotX":120,"name":"Draw3","height":240},"compId":372,"child":[{"type":"Image","props":{"y":0,"x":0,"skin":"Game/UI/GameScene/Level8/yanjingmask.png","renderType":"mask","name":"Mask"},"compId":382},{"type":"Image","props":{"y":120,"x":120,"width":181,"skin":"Game/UI/GameScene/Level8/yanjingmask.png","pivotY":90,"pivotX":91,"name":"MaskBoard","height":179},"compId":383},{"type":"Image","props":{"y":0,"x":0,"skin":"Game/UI/GameScene/Level8/yanjing.png","name":"Pic"},"compId":384}]},{"type":"Image","props":{"zOrder":99,"y":230,"x":143,"width":240,"var":"Draw2","skin":"Game/UI/GameScene/Level8/yanjingmask.png","pivotY":120,"pivotX":120,"name":"Draw2","height":240},"compId":373,"child":[{"type":"Image","props":{"y":0,"x":0,"skin":"Game/UI/GameScene/Level8/yanjingmask.png","renderType":"mask","name":"Mask"},"compId":385},{"type":"Image","props":{"y":120,"x":120,"width":181,"skin":"Game/UI/GameScene/Level8/yanjingmask.png","pivotY":90,"pivotX":91,"name":"MaskBoard","height":179},"compId":386},{"type":"Image","props":{"y":0,"x":0,"skin":"Game/UI/GameScene/Level8/yanjing.png","name":"Pic"},"compId":387}]},{"type":"Image","props":{"zOrder":100,"y":298,"x":263,"width":149,"var":"Draw4","skin":"Game/UI/GameScene/Level8/zuimask.png","pivotY":73,"pivotX":75,"name":"Draw4","height":146},"compId":374,"child":[{"type":"Image","props":{"y":0,"x":0,"skin":"Game/UI/GameScene/Level8/zuimask.png","renderType":"mask","name":"Mask"},"compId":388},{"type":"Image","props":{"y":70,"x":74,"width":115,"skin":"Game/UI/GameScene/Level8/zuimask.png","pivotY":56,"pivotX":58,"name":"MaskBoard","height":112},"compId":397},{"type":"Image","props":{"y":73,"x":75,"width":149,"skin":"Game/UI/GameScene/Level8/zui.png","pivotY":73,"pivotX":75,"name":"Pic","height":146},"compId":389}]}]},{"type":"Image","props":{"zOrder":99,"y":322,"x":14,"width":624,"var":"Body","name":"Body","height":407},"compId":393,"child":[{"type":"Image","props":{"zOrder":97,"y":70,"x":406,"width":248,"var":"Draw9","skin":"Game/UI/GameScene/Level8/xiaochibangmask.png","rotation":0,"pivotY":31,"pivotX":35,"name":"Draw9","height":206},"compId":338,"child":[{"type":"Image","props":{"y":0,"x":0,"skin":"Game/UI/GameScene/Level8/xiaochibangmask.png","renderType":"mask","name":"Mask"},"compId":339},{"type":"Image","props":{"skin":"Game/UI/GameScene/Level8/xiaochibang.png","name":"Pic"},"compId":340}]},{"type":"Image","props":{"zOrder":97,"y":80,"x":198,"width":248,"var":"Draw8","skin":"Game/UI/GameScene/Level8/xiaochibangmask.png","scaleX":-1,"rotation":0,"pivotY":41,"pivotX":55,"name":"Draw8","height":206},"compId":341,"child":[{"type":"Image","props":{"y":0,"x":0,"skin":"Game/UI/GameScene/Level8/xiaochibangmask.png","renderType":"mask","name":"Mask"},"compId":342},{"type":"Image","props":{"skin":"Game/UI/GameScene/Level8/xiaochibang.png","name":"Pic"},"compId":343}]},{"type":"Image","props":{"zOrder":99,"y":28,"x":312,"width":276,"var":"Draw7","skin":"Game/UI/GameScene/Level8/duzimask.png","pivotX":138,"name":"Draw7","height":284},"compId":334,"child":[{"type":"Image","props":{"y":0,"x":0,"skin":"Game/UI/GameScene/Level8/duzimask.png","renderType":"mask","name":"Mask"},"compId":335},{"type":"Image","props":{"y":176,"x":171,"width":211,"skin":"Game/UI/GameScene/Level8/duzimask.png","pivotY":142,"pivotX":138,"name":"MaskBoar","height":217},"compId":337},{"type":"Image","props":{"skin":"Game/UI/GameScene/Level8/duzi.png","name":"Pic"},"compId":336}]},{"type":"Image","props":{"zOrder":100,"y":192,"x":313,"width":217,"var":"Draw12","skin":"Game/UI/GameScene/Level8/aixinmask.png","pivotY":73,"pivotX":109,"name":"Draw12","height":169},"compId":390,"child":[{"type":"Image","props":{"y":19,"x":20.44318181818238,"width":172,"skin":"Game/UI/GameScene/Level8/aixinmask.png","name":"MaskBoard","height":131},"compId":399},{"type":"Image","props":{"y":0,"x":0,"skin":"Game/UI/GameScene/Level8/aixinmask.png","renderType":"mask","name":"Mask"},"compId":391},{"type":"Image","props":{"skin":"Game/UI/GameScene/Level8/aixin.png","name":"Pic"},"compId":392}]},{"type":"Image","props":{"zOrder":98,"y":272,"x":241,"width":160,"var":"Draw10","skin":"Game/UI/GameScene/Level8/ahuzi mask.png","rotation":0,"pivotY":21,"pivotX":94,"name":"Draw10","height":145},"compId":347,"child":[{"type":"Image","props":{"y":0,"x":0,"skin":"Game/UI/GameScene/Level8/ahuzi mask.png","renderType":"mask","name":"Mask"},"compId":348},{"type":"Image","props":{"skin":"Game/UI/GameScene/Level8/ahuzi .png","name":"Pic"},"compId":349}]},{"type":"Image","props":{"zOrder":98,"y":275,"x":379,"width":160,"var":"Draw11","skin":"Game/UI/GameScene/Level8/ahuzi mask.png","scaleX":-1,"rotation":0,"pivotY":24,"pivotX":99,"name":"Draw11","height":145},"compId":344,"child":[{"type":"Image","props":{"y":0,"x":0,"skin":"Game/UI/GameScene/Level8/ahuzi mask.png","renderType":"mask","name":"Mask"},"compId":345},{"type":"Image","props":{"skin":"Game/UI/GameScene/Level8/ahuzi .png","name":"Pic"},"compId":346}]}]}]}]}],"animations":[{"nodes":[{"target":396,"keyframes":{"y":[{"value":507,"tweenMethod":"linearNone","tween":true,"target":396,"key":"y","index":0},{"value":538,"tweenMethod":"linearNone","tween":true,"target":396,"key":"y","index":10},{"value":454,"tweenMethod":"linearNone","tween":true,"target":396,"key":"y","index":25},{"value":507,"tweenMethod":"linearNone","tween":true,"target":396,"label":null,"key":"y","index":50},{"value":454,"tweenMethod":"linearNone","tween":true,"target":396,"label":null,"key":"y","index":65},{"value":507,"tweenMethod":"linearNone","tween":true,"target":396,"label":null,"key":"y","index":90},{"value":454,"tweenMethod":"linearNone","tween":true,"target":396,"label":null,"key":"y","index":105},{"value":507,"tweenMethod":"linearNone","tween":true,"target":396,"label":null,"key":"y","index":130},{"value":454,"tweenMethod":"linearNone","tween":true,"target":396,"label":null,"key":"y","index":145},{"value":507,"tweenMethod":"linearNone","tween":true,"target":396,"label":null,"key":"y","index":165},{"value":507,"tweenMethod":"linearNone","tween":true,"target":396,"label":null,"key":"y","index":170},{"value":274,"tweenMethod":"linearNone","tween":true,"target":396,"label":null,"key":"y","index":270},{"value":250,"tweenMethod":"linearNone","tween":true,"target":396,"label":null,"key":"y","index":280},{"value":274,"tweenMethod":"linearNone","tween":true,"target":396,"key":"y","index":290},{"value":250,"tweenMethod":"linearNone","tween":true,"target":396,"key":"y","index":295},{"value":274,"tweenMethod":"linearNone","tween":true,"target":396,"label":null,"key":"y","index":305},{"value":250.89999999999998,"tweenMethod":"linearNone","tween":true,"target":396,"label":null,"key":"y","index":310},{"value":274,"tweenMethod":"linearNone","tween":true,"target":396,"label":null,"key":"y","index":320},{"value":250.89999999999998,"tweenMethod":"linearNone","tween":true,"target":396,"label":null,"key":"y","index":325},{"value":273.5,"tweenMethod":"linearNone","tween":true,"target":396,"label":null,"key":"y","index":335},{"value":250,"tweenMethod":"linearNone","tween":true,"target":396,"key":"y","index":340},{"value":274,"tweenMethod":"linearNone","tween":true,"target":396,"key":"y","index":350},{"value":250,"tweenMethod":"linearNone","tween":true,"target":396,"key":"y","index":355},{"value":274,"tweenMethod":"linearNone","tween":true,"target":396,"key":"y","index":365},{"value":250,"tweenMethod":"linearNone","tween":true,"target":396,"key":"y","index":370},{"value":274,"tweenMethod":"linearNone","tween":true,"target":396,"key":"y","index":380},{"value":250,"tweenMethod":"linearNone","tween":true,"target":396,"key":"y","index":385},{"value":302.9090909090909,"tweenMethod":"linearNone","tween":true,"target":396,"key":"y","index":395},{"value":329.3636363636363,"tweenMethod":"linearNone","tween":true,"target":396,"key":"y","index":400},{"value":382.27272727272725,"tweenMethod":"linearNone","tween":true,"target":396,"key":"y","index":410},{"value":408.7272727272727,"tweenMethod":"linearNone","tween":true,"target":396,"key":"y","index":415},{"value":461.6363636363636,"tweenMethod":"linearNone","tween":true,"target":396,"key":"y","index":425},{"value":488.09090909090907,"tweenMethod":"linearNone","tween":true,"target":396,"key":"y","index":430},{"value":541,"tweenMethod":"linearNone","tween":true,"target":396,"key":"y","index":440},{"value":520,"tweenMethod":"linearNone","tween":true,"target":396,"key":"y","index":445},{"value":541,"tweenMethod":"linearNone","tween":true,"target":396,"key":"y","index":455},{"value":520,"tweenMethod":"linearNone","tween":true,"target":396,"key":"y","index":460},{"value":541,"tweenMethod":"linearNone","tween":true,"target":396,"key":"y","index":470},{"value":520,"tweenMethod":"linearNone","tween":true,"target":396,"key":"y","index":475},{"value":541,"tweenMethod":"linearNone","tween":true,"target":396,"key":"y","index":485},{"value":520,"tweenMethod":"linearNone","tween":true,"target":396,"key":"y","index":490},{"value":500.27272727272725,"tweenMethod":"linearNone","tween":true,"target":396,"key":"y","index":500},{"value":443.1313131313131,"tweenMethod":"linearNone","tween":true,"target":396,"key":"y","index":505},{"value":428.8484848484848,"tweenMethod":"linearNone","tween":true,"target":396,"key":"y","index":515},{"value":377.04040404040404,"tweenMethod":"linearNone","tween":true,"target":396,"key":"y","index":520},{"value":350.8242424242424,"tweenMethod":"linearNone","tween":true,"target":396,"key":"y","index":530},{"value":297.2161616161616,"tweenMethod":"linearNone","tween":true,"target":396,"key":"y","index":535},{"value":298,"tweenMethod":"linearNone","tween":true,"target":396,"key":"y","index":545},{"value":250,"tweenMethod":"linearNone","tween":true,"target":396,"key":"y","index":550},{"value":274,"tweenMethod":"linearNone","tween":true,"target":396,"label":null,"key":"y","index":560},{"value":250,"tweenMethod":"linearNone","tween":true,"target":396,"label":null,"key":"y","index":565},{"value":274,"tweenMethod":"linearNone","tween":true,"target":396,"label":null,"key":"y","index":575},{"value":250,"tweenMethod":"linearNone","tween":true,"target":396,"label":null,"key":"y","index":580},{"value":274,"tweenMethod":"linearNone","tween":true,"target":396,"label":null,"key":"y","index":590},{"value":250,"tweenMethod":"linearNone","tween":true,"target":396,"label":null,"key":"y","index":595},{"value":274,"tweenMethod":"linearNone","tween":true,"target":396,"label":null,"key":"y","index":605},{"value":250,"tweenMethod":"linearNone","tween":true,"target":396,"label":null,"key":"y","index":610},{"value":278,"tweenMethod":"linearNone","tween":true,"target":396,"key":"y","index":660},{"value":507,"tweenMethod":"linearNone","tween":true,"target":396,"key":"y","index":661},{"value":507,"tweenMethod":"linearNone","tween":true,"target":396,"label":null,"key":"y","index":685},{"value":454,"tweenMethod":"linearNone","tween":true,"target":396,"label":null,"key":"y","index":700},{"value":507,"tweenMethod":"linearNone","tween":true,"target":396,"label":null,"key":"y","index":720},{"value":454,"tweenMethod":"linearNone","tween":true,"target":396,"label":null,"key":"y","index":735},{"value":507,"tweenMethod":"linearNone","tween":true,"target":396,"label":null,"key":"y","index":745}],"x":[{"value":376,"tweenMethod":"linearNone","tween":true,"target":396,"key":"x","index":0},{"value":376,"tweenMethod":"linearNone","tween":true,"target":396,"key":"x","index":170},{"value":560,"tweenMethod":"linearNone","tween":true,"target":396,"label":null,"key":"x","index":270},{"value":560,"tweenMethod":"linearNone","tween":true,"target":396,"key":"x","index":290},{"value":560,"tweenMethod":"linearNone","tween":true,"target":396,"label":null,"key":"x","index":305},{"value":560,"tweenMethod":"linearNone","tween":true,"target":396,"label":null,"key":"x","index":320},{"value":559,"tweenMethod":"linearNone","tween":true,"target":396,"label":null,"key":"x","index":335},{"value":172,"tweenMethod":"linearNone","tween":true,"target":396,"key":"x","index":385},{"value":171,"tweenMethod":"linearNone","tween":true,"target":396,"key":"x","index":440},{"value":557,"tweenMethod":"linearNone","tween":true,"target":396,"key":"x","index":490},{"value":557,"tweenMethod":"linearNone","tween":true,"target":396,"key":"x","index":545},{"value":557,"tweenMethod":"linearNone","tween":true,"target":396,"label":null,"key":"x","index":560},{"value":557,"tweenMethod":"linearNone","tween":true,"target":396,"label":null,"key":"x","index":575},{"value":557,"tweenMethod":"linearNone","tween":true,"target":396,"label":null,"key":"x","index":590},{"value":557,"tweenMethod":"linearNone","tween":true,"target":396,"label":null,"key":"x","index":605},{"value":557,"tweenMethod":"linearNone","tween":true,"target":396,"key":"x","index":660},{"value":367,"tweenMethod":"linearNone","tween":true,"target":396,"key":"x","index":661},{"value":376,"tweenMethod":"linearNone","tween":true,"target":396,"label":null,"key":"x","index":685},{"value":376,"tweenMethod":"linearNone","tween":true,"target":396,"label":null,"key":"x","index":745}],"scaleY":[{"value":1,"tweenMethod":"linearNone","tween":true,"target":396,"key":"scaleY","index":0},{"value":1,"tweenMethod":"linearNone","tween":true,"target":396,"label":null,"key":"scaleY","index":50},{"value":1,"tweenMethod":"linearNone","tween":true,"target":396,"label":null,"key":"scaleY","index":90},{"value":1,"tweenMethod":"linearNone","tween":true,"target":396,"label":null,"key":"scaleY","index":130},{"value":1,"tweenMethod":"linearNone","tween":true,"target":396,"label":null,"key":"scaleY","index":145},{"value":0,"tweenMethod":"linearNone","tween":true,"target":396,"key":"scaleY","index":170},{"value":0,"tweenMethod":"linearNone","tween":true,"target":396,"label":null,"key":"scaleY","index":270},{"value":0.35,"tweenMethod":"linearNone","tween":true,"target":396,"key":"scaleY","index":290},{"value":0.35,"tweenMethod":"linearNone","tween":true,"target":396,"label":null,"key":"scaleY","index":605},{"value":0,"tweenMethod":"linearNone","tween":true,"target":396,"key":"scaleY","index":625},{"value":0,"tweenMethod":"linearNone","tween":true,"target":396,"label":null,"key":"scaleY","index":660},{"value":1,"tweenMethod":"linearNone","tween":true,"target":396,"label":null,"key":"scaleY","index":685},{"value":1,"tweenMethod":"linearNone","tween":true,"target":396,"label":null,"key":"scaleY","index":720},{"value":1,"tweenMethod":"linearNone","tween":true,"target":396,"label":null,"key":"scaleY","index":745}],"scaleX":[{"value":1,"tweenMethod":"linearNone","tween":true,"target":396,"key":"scaleX","index":0},{"value":1,"tweenMethod":"linearNone","tween":true,"target":396,"label":null,"key":"scaleX","index":50},{"value":1,"tweenMethod":"linearNone","tween":true,"target":396,"label":null,"key":"scaleX","index":90},{"value":1,"tweenMethod":"linearNone","tween":true,"target":396,"label":null,"key":"scaleX","index":130},{"value":1,"tweenMethod":"linearNone","tween":true,"target":396,"label":null,"key":"scaleX","index":145},{"value":0,"tweenMethod":"linearNone","tween":true,"target":396,"key":"scaleX","index":170},{"value":0,"tweenMethod":"linearNone","tween":true,"target":396,"label":null,"key":"scaleX","index":270},{"value":0.35,"tweenMethod":"linearNone","tween":true,"target":396,"key":"scaleX","index":290},{"value":0.35,"tweenMethod":"linearNone","tween":true,"target":396,"label":null,"key":"scaleX","index":605},{"value":0,"tweenMethod":"linearNone","tween":true,"target":396,"key":"scaleX","index":625},{"value":0,"tweenMethod":"linearNone","tween":true,"target":396,"label":null,"key":"scaleX","index":660},{"value":1,"tweenMethod":"linearNone","tween":true,"target":396,"label":null,"key":"scaleX","index":685},{"value":1,"tweenMethod":"linearNone","tween":true,"target":396,"label":null,"key":"scaleX","index":720},{"value":1,"tweenMethod":"linearNone","tween":true,"target":396,"label":null,"key":"scaleX","index":745}]}},{"target":338,"keyframes":{"rotation":[{"value":0,"tweenMethod":"linearNone","tween":true,"target":338,"key":"rotation","index":0},{"value":-25,"tweenMethod":"linearNone","tween":true,"target":338,"key":"rotation","index":10},{"value":42,"tweenMethod":"linearNone","tween":true,"target":338,"key":"rotation","index":25},{"value":-25,"tweenMethod":"linearNone","tween":true,"target":338,"label":null,"key":"rotation","index":50},{"value":42,"tweenMethod":"linearNone","tween":true,"target":338,"label":null,"key":"rotation","index":65},{"value":-25,"tweenMethod":"linearNone","tween":true,"target":338,"label":null,"key":"rotation","index":90},{"value":42,"tweenMethod":"linearNone","tween":true,"target":338,"label":null,"key":"rotation","index":105},{"value":-25,"tweenMethod":"linearNone","tween":true,"target":338,"label":null,"key":"rotation","index":130},{"value":42,"tweenMethod":"linearNone","tween":true,"target":338,"label":null,"key":"rotation","index":145},{"value":-25,"tweenMethod":"linearNone","tween":true,"target":338,"label":null,"key":"rotation","index":165},{"value":42,"tweenMethod":"linearNone","tween":true,"target":338,"label":null,"key":"rotation","index":170},{"value":-40,"tweenMethod":"linearNone","tween":true,"target":338,"label":null,"key":"rotation","index":270},{"value":40,"tweenMethod":"linearNone","tween":true,"target":338,"label":null,"key":"rotation","index":280},{"value":-40,"tweenMethod":"linearNone","tween":true,"target":338,"key":"rotation","index":290},{"value":40,"tweenMethod":"linearNone","tween":true,"target":338,"key":"rotation","index":295},{"value":-40,"tweenMethod":"linearNone","tween":true,"target":338,"label":null,"key":"rotation","index":305},{"value":40,"tweenMethod":"linearNone","tween":true,"target":338,"label":null,"key":"rotation","index":310},{"value":-40,"tweenMethod":"linearNone","tween":true,"target":338,"label":null,"key":"rotation","index":320},{"value":40,"tweenMethod":"linearNone","tween":true,"target":338,"label":null,"key":"rotation","index":325},{"value":-40,"tweenMethod":"linearNone","tween":true,"target":338,"label":null,"key":"rotation","index":335},{"value":40,"tweenMethod":"linearNone","tween":true,"target":338,"key":"rotation","index":340},{"value":-40,"tweenMethod":"linearNone","tween":true,"target":338,"label":null,"key":"rotation","index":350},{"value":40,"tweenMethod":"linearNone","tween":true,"target":338,"label":null,"key":"rotation","index":355},{"value":-40,"tweenMethod":"linearNone","tween":true,"target":338,"label":null,"key":"rotation","index":365},{"value":40,"tweenMethod":"linearNone","tween":true,"target":338,"label":null,"key":"rotation","index":370},{"value":-40,"tweenMethod":"linearNone","tween":true,"target":338,"label":null,"key":"rotation","index":380},{"value":40,"tweenMethod":"linearNone","tween":true,"target":338,"label":null,"key":"rotation","index":385},{"value":-40,"tweenMethod":"linearNone","tween":true,"target":338,"label":null,"key":"rotation","index":395},{"value":40,"tweenMethod":"linearNone","tween":true,"target":338,"label":null,"key":"rotation","index":400},{"value":-40,"tweenMethod":"linearNone","tween":true,"target":338,"label":null,"key":"rotation","index":410},{"value":40,"tweenMethod":"linearNone","tween":true,"target":338,"label":null,"key":"rotation","index":415},{"value":-40,"tweenMethod":"linearNone","tween":true,"target":338,"label":null,"key":"rotation","index":425},{"value":40,"tweenMethod":"linearNone","tween":true,"target":338,"label":null,"key":"rotation","index":430},{"value":-40,"tweenMethod":"linearNone","tween":true,"target":338,"label":null,"key":"rotation","index":440},{"value":40,"tweenMethod":"linearNone","tween":true,"target":338,"label":null,"key":"rotation","index":445},{"value":-40,"tweenMethod":"linearNone","tween":true,"target":338,"label":null,"key":"rotation","index":455},{"value":40,"tweenMethod":"linearNone","tween":true,"target":338,"label":null,"key":"rotation","index":460},{"value":-40,"tweenMethod":"linearNone","tween":true,"target":338,"label":null,"key":"rotation","index":470},{"value":40,"tweenMethod":"linearNone","tween":true,"target":338,"label":null,"key":"rotation","index":475},{"value":-40,"tweenMethod":"linearNone","tween":true,"target":338,"label":null,"key":"rotation","index":485},{"value":40,"tweenMethod":"linearNone","tween":true,"target":338,"label":null,"key":"rotation","index":490},{"value":-40,"tweenMethod":"linearNone","tween":true,"target":338,"label":null,"key":"rotation","index":500},{"value":40,"tweenMethod":"linearNone","tween":true,"target":338,"label":null,"key":"rotation","index":505},{"value":-40,"tweenMethod":"linearNone","tween":true,"target":338,"label":null,"key":"rotation","index":515},{"value":40,"tweenMethod":"linearNone","tween":true,"target":338,"label":null,"key":"rotation","index":520},{"value":-40,"tweenMethod":"linearNone","tween":true,"target":338,"label":null,"key":"rotation","index":530},{"value":40,"tweenMethod":"linearNone","tween":true,"target":338,"label":null,"key":"rotation","index":535},{"value":-40,"tweenMethod":"linearNone","tween":true,"target":338,"label":null,"key":"rotation","index":545},{"value":40,"tweenMethod":"linearNone","tween":true,"target":338,"label":null,"key":"rotation","index":550},{"value":-40,"tweenMethod":"linearNone","tween":true,"target":338,"label":null,"key":"rotation","index":560},{"value":40,"tweenMethod":"linearNone","tween":true,"target":338,"label":null,"key":"rotation","index":565},{"value":-40,"tweenMethod":"linearNone","tween":true,"target":338,"label":null,"key":"rotation","index":575},{"value":40,"tweenMethod":"linearNone","tween":true,"target":338,"label":null,"key":"rotation","index":580},{"value":-40,"tweenMethod":"linearNone","tween":true,"target":338,"label":null,"key":"rotation","index":590},{"value":40,"tweenMethod":"linearNone","tween":true,"target":338,"label":null,"key":"rotation","index":595},{"value":-40,"tweenMethod":"linearNone","tween":true,"target":338,"label":null,"key":"rotation","index":605},{"value":40,"tweenMethod":"linearNone","tween":true,"target":338,"label":null,"key":"rotation","index":610},{"value":-40,"tweenMethod":"linearNone","tween":true,"target":338,"label":null,"key":"rotation","index":620},{"value":40,"tweenMethod":"linearNone","tween":true,"target":338,"label":null,"key":"rotation","index":625},{"value":-40,"tweenMethod":"linearNone","tween":true,"target":338,"label":null,"key":"rotation","index":660},{"value":40,"tweenMethod":"linearNone","tween":true,"target":338,"label":null,"key":"rotation","index":670},{"value":-25,"tweenMethod":"linearNone","tween":true,"target":338,"label":null,"key":"rotation","index":685},{"value":42,"tweenMethod":"linearNone","tween":true,"target":338,"label":null,"key":"rotation","index":700},{"value":-25,"tweenMethod":"linearNone","tween":true,"target":338,"label":null,"key":"rotation","index":720},{"value":42,"tweenMethod":"linearNone","tween":true,"target":338,"label":null,"key":"rotation","index":735},{"value":0,"tweenMethod":"linearNone","tween":true,"target":338,"label":null,"key":"rotation","index":745}]}},{"target":341,"keyframes":{"rotation":[{"value":0,"tweenMethod":"linearNone","tween":true,"target":341,"key":"rotation","index":0},{"value":25,"tweenMethod":"linearNone","tween":true,"target":341,"key":"rotation","index":10},{"value":-48,"tweenMethod":"linearNone","tween":true,"target":341,"key":"rotation","index":25},{"value":25,"tweenMethod":"linearNone","tween":true,"target":341,"label":null,"key":"rotation","index":50},{"value":-48,"tweenMethod":"linearNone","tween":true,"target":341,"label":null,"key":"rotation","index":65},{"value":25,"tweenMethod":"linearNone","tween":true,"target":341,"label":null,"key":"rotation","index":90},{"value":-48,"tweenMethod":"linearNone","tween":true,"target":341,"label":null,"key":"rotation","index":105},{"value":25,"tweenMethod":"linearNone","tween":true,"target":341,"label":null,"key":"rotation","index":130},{"value":-48,"tweenMethod":"linearNone","tween":true,"target":341,"label":null,"key":"rotation","index":145},{"value":25,"tweenMethod":"linearNone","tween":true,"target":341,"label":null,"key":"rotation","index":165},{"value":-48,"tweenMethod":"linearNone","tween":true,"target":341,"label":null,"key":"rotation","index":170},{"value":40,"tweenMethod":"linearNone","tween":true,"target":341,"label":null,"key":"rotation","index":270},{"value":-40,"tweenMethod":"linearNone","tween":true,"target":341,"label":null,"key":"rotation","index":280},{"value":40,"tweenMethod":"linearNone","tween":true,"target":341,"key":"rotation","index":290},{"value":-40,"tweenMethod":"linearNone","tween":true,"target":341,"key":"rotation","index":295},{"value":40,"tweenMethod":"linearNone","tween":true,"target":341,"label":null,"key":"rotation","index":305},{"value":-40,"tweenMethod":"linearNone","tween":true,"target":341,"label":null,"key":"rotation","index":310},{"value":40,"tweenMethod":"linearNone","tween":true,"target":341,"label":null,"key":"rotation","index":320},{"value":-40,"tweenMethod":"linearNone","tween":true,"target":341,"label":null,"key":"rotation","index":325},{"value":40,"tweenMethod":"linearNone","tween":true,"target":341,"label":null,"key":"rotation","index":335},{"value":-40,"tweenMethod":"linearNone","tween":true,"target":341,"key":"rotation","index":340},{"value":40,"tweenMethod":"linearNone","tween":true,"target":341,"label":null,"key":"rotation","index":350},{"value":-40,"tweenMethod":"linearNone","tween":true,"target":341,"label":null,"key":"rotation","index":355},{"value":40,"tweenMethod":"linearNone","tween":true,"target":341,"label":null,"key":"rotation","index":365},{"value":-40,"tweenMethod":"linearNone","tween":true,"target":341,"label":null,"key":"rotation","index":370},{"value":40,"tweenMethod":"linearNone","tween":true,"target":341,"label":null,"key":"rotation","index":380},{"value":-40,"tweenMethod":"linearNone","tween":true,"target":341,"label":null,"key":"rotation","index":385},{"value":40,"tweenMethod":"linearNone","tween":true,"target":341,"label":null,"key":"rotation","index":395},{"value":-40,"tweenMethod":"linearNone","tween":true,"target":341,"label":null,"key":"rotation","index":400},{"value":40,"tweenMethod":"linearNone","tween":true,"target":341,"label":null,"key":"rotation","index":410},{"value":-40,"tweenMethod":"linearNone","tween":true,"target":341,"label":null,"key":"rotation","index":415},{"value":40,"tweenMethod":"linearNone","tween":true,"target":341,"label":null,"key":"rotation","index":425},{"value":-40,"tweenMethod":"linearNone","tween":true,"target":341,"label":null,"key":"rotation","index":430},{"value":40,"tweenMethod":"linearNone","tween":true,"target":341,"label":null,"key":"rotation","index":440},{"value":-40,"tweenMethod":"linearNone","tween":true,"target":341,"label":null,"key":"rotation","index":445},{"value":40,"tweenMethod":"linearNone","tween":true,"target":341,"label":null,"key":"rotation","index":455},{"value":-40,"tweenMethod":"linearNone","tween":true,"target":341,"label":null,"key":"rotation","index":460},{"value":40,"tweenMethod":"linearNone","tween":true,"target":341,"label":null,"key":"rotation","index":470},{"value":-40,"tweenMethod":"linearNone","tween":true,"target":341,"label":null,"key":"rotation","index":475},{"value":40,"tweenMethod":"linearNone","tween":true,"target":341,"label":null,"key":"rotation","index":485},{"value":-40,"tweenMethod":"linearNone","tween":true,"target":341,"label":null,"key":"rotation","index":490},{"value":40,"tweenMethod":"linearNone","tween":true,"target":341,"label":null,"key":"rotation","index":500},{"value":-40,"tweenMethod":"linearNone","tween":true,"target":341,"label":null,"key":"rotation","index":505},{"value":40,"tweenMethod":"linearNone","tween":true,"target":341,"label":null,"key":"rotation","index":515},{"value":-40,"tweenMethod":"linearNone","tween":true,"target":341,"label":null,"key":"rotation","index":520},{"value":40,"tweenMethod":"linearNone","tween":true,"target":341,"label":null,"key":"rotation","index":530},{"value":-40,"tweenMethod":"linearNone","tween":true,"target":341,"label":null,"key":"rotation","index":535},{"value":40,"tweenMethod":"linearNone","tween":true,"target":341,"label":null,"key":"rotation","index":545},{"value":-40,"tweenMethod":"linearNone","tween":true,"target":341,"label":null,"key":"rotation","index":550},{"value":40,"tweenMethod":"linearNone","tween":true,"target":341,"label":null,"key":"rotation","index":560},{"value":-40,"tweenMethod":"linearNone","tween":true,"target":341,"label":null,"key":"rotation","index":565},{"value":40,"tweenMethod":"linearNone","tween":true,"target":341,"label":null,"key":"rotation","index":575},{"value":-40,"tweenMethod":"linearNone","tween":true,"target":341,"label":null,"key":"rotation","index":580},{"value":40,"tweenMethod":"linearNone","tween":true,"target":341,"label":null,"key":"rotation","index":590},{"value":-40,"tweenMethod":"linearNone","tween":true,"target":341,"label":null,"key":"rotation","index":595},{"value":40,"tweenMethod":"linearNone","tween":true,"target":341,"label":null,"key":"rotation","index":605},{"value":-40,"tweenMethod":"linearNone","tween":true,"target":341,"label":null,"key":"rotation","index":610},{"value":40,"tweenMethod":"linearNone","tween":true,"target":341,"label":null,"key":"rotation","index":620},{"value":-40,"tweenMethod":"linearNone","tween":true,"target":341,"label":null,"key":"rotation","index":625},{"value":40,"tweenMethod":"linearNone","tween":true,"target":341,"label":null,"key":"rotation","index":660},{"value":-40,"tweenMethod":"linearNone","tween":true,"target":341,"label":null,"key":"rotation","index":670},{"value":25,"tweenMethod":"linearNone","tween":true,"target":341,"label":null,"key":"rotation","index":685},{"value":-48,"tweenMethod":"linearNone","tween":true,"target":341,"label":null,"key":"rotation","index":700},{"value":25,"tweenMethod":"linearNone","tween":true,"target":341,"label":null,"key":"rotation","index":720},{"value":-48,"tweenMethod":"linearNone","tween":true,"target":341,"label":null,"key":"rotation","index":735},{"value":0,"tweenMethod":"linearNone","tween":true,"target":341,"label":null,"key":"rotation","index":745}]}},{"target":347,"keyframes":{"rotation":[{"value":0,"tweenMethod":"linearNone","tween":true,"target":347,"key":"rotation","index":0},{"value":34,"tweenMethod":"linearNone","tween":true,"target":347,"key":"rotation","index":10},{"value":-17,"tweenMethod":"linearNone","tween":true,"target":347,"key":"rotation","index":25},{"value":0,"tweenMethod":"linearNone","tween":true,"target":347,"label":null,"key":"rotation","index":50},{"value":-17,"tweenMethod":"linearNone","tween":true,"target":347,"label":null,"key":"rotation","index":65},{"value":0,"tweenMethod":"linearNone","tween":true,"target":347,"label":null,"key":"rotation","index":90},{"value":-17,"tweenMethod":"linearNone","tween":true,"target":347,"label":null,"key":"rotation","index":105},{"value":0,"tweenMethod":"linearNone","tween":true,"target":347,"label":null,"key":"rotation","index":130},{"value":-17,"tweenMethod":"linearNone","tween":true,"target":347,"label":null,"key":"rotation","index":145},{"value":0,"tweenMethod":"linearNone","tween":true,"target":347,"label":null,"key":"rotation","index":165},{"value":-17,"tweenMethod":"linearNone","tween":true,"target":347,"label":null,"key":"rotation","index":170},{"value":19,"tweenMethod":"linearNone","tween":true,"target":347,"label":null,"key":"rotation","index":270},{"value":-22,"tweenMethod":"linearNone","tween":true,"target":347,"label":null,"key":"rotation","index":280},{"value":19,"tweenMethod":"linearNone","tween":true,"target":347,"key":"rotation","index":290},{"value":-22,"tweenMethod":"linearNone","tween":true,"target":347,"key":"rotation","index":295},{"value":19,"tweenMethod":"linearNone","tween":true,"target":347,"label":null,"key":"rotation","index":305},{"value":-22,"tweenMethod":"linearNone","tween":true,"target":347,"label":null,"key":"rotation","index":310},{"value":19,"tweenMethod":"linearNone","tween":true,"target":347,"label":null,"key":"rotation","index":320},{"value":-22,"tweenMethod":"linearNone","tween":true,"target":347,"label":null,"key":"rotation","index":325},{"value":19,"tweenMethod":"linearNone","tween":true,"target":347,"label":null,"key":"rotation","index":335},{"value":-22,"tweenMethod":"linearNone","tween":true,"target":347,"label":null,"key":"rotation","index":340},{"value":19,"tweenMethod":"linearNone","tween":true,"target":347,"label":null,"key":"rotation","index":350},{"value":-22,"tweenMethod":"linearNone","tween":true,"target":347,"label":null,"key":"rotation","index":355},{"value":19,"tweenMethod":"linearNone","tween":true,"target":347,"label":null,"key":"rotation","index":365},{"value":-22,"tweenMethod":"linearNone","tween":true,"target":347,"label":null,"key":"rotation","index":370},{"value":19,"tweenMethod":"linearNone","tween":true,"target":347,"label":null,"key":"rotation","index":380},{"value":-22,"tweenMethod":"linearNone","tween":true,"target":347,"label":null,"key":"rotation","index":385},{"value":19,"tweenMethod":"linearNone","tween":true,"target":347,"label":null,"key":"rotation","index":395},{"value":-22,"tweenMethod":"linearNone","tween":true,"target":347,"label":null,"key":"rotation","index":400},{"value":19,"tweenMethod":"linearNone","tween":true,"target":347,"label":null,"key":"rotation","index":410},{"value":-22,"tweenMethod":"linearNone","tween":true,"target":347,"label":null,"key":"rotation","index":415},{"value":19,"tweenMethod":"linearNone","tween":true,"target":347,"label":null,"key":"rotation","index":425},{"value":-22,"tweenMethod":"linearNone","tween":true,"target":347,"label":null,"key":"rotation","index":430},{"value":19,"tweenMethod":"linearNone","tween":true,"target":347,"label":null,"key":"rotation","index":440},{"value":-22,"tweenMethod":"linearNone","tween":true,"target":347,"label":null,"key":"rotation","index":445},{"value":19,"tweenMethod":"linearNone","tween":true,"target":347,"label":null,"key":"rotation","index":455},{"value":-22,"tweenMethod":"linearNone","tween":true,"target":347,"label":null,"key":"rotation","index":460},{"value":19,"tweenMethod":"linearNone","tween":true,"target":347,"label":null,"key":"rotation","index":470},{"value":-22,"tweenMethod":"linearNone","tween":true,"target":347,"label":null,"key":"rotation","index":475},{"value":19,"tweenMethod":"linearNone","tween":true,"target":347,"label":null,"key":"rotation","index":485},{"value":-22,"tweenMethod":"linearNone","tween":true,"target":347,"label":null,"key":"rotation","index":490},{"value":19,"tweenMethod":"linearNone","tween":true,"target":347,"label":null,"key":"rotation","index":500},{"value":-22,"tweenMethod":"linearNone","tween":true,"target":347,"label":null,"key":"rotation","index":505},{"value":19,"tweenMethod":"linearNone","tween":true,"target":347,"label":null,"key":"rotation","index":515},{"value":-22,"tweenMethod":"linearNone","tween":true,"target":347,"label":null,"key":"rotation","index":520},{"value":19,"tweenMethod":"linearNone","tween":true,"target":347,"label":null,"key":"rotation","index":530},{"value":-22,"tweenMethod":"linearNone","tween":true,"target":347,"label":null,"key":"rotation","index":535},{"value":19,"tweenMethod":"linearNone","tween":true,"target":347,"label":null,"key":"rotation","index":545},{"value":-22,"tweenMethod":"linearNone","tween":true,"target":347,"label":null,"key":"rotation","index":550},{"value":19,"tweenMethod":"linearNone","tween":true,"target":347,"label":null,"key":"rotation","index":560},{"value":-22,"tweenMethod":"linearNone","tween":true,"target":347,"label":null,"key":"rotation","index":565},{"value":19,"tweenMethod":"linearNone","tween":true,"target":347,"label":null,"key":"rotation","index":575},{"value":-22,"tweenMethod":"linearNone","tween":true,"target":347,"label":null,"key":"rotation","index":580},{"value":19,"tweenMethod":"linearNone","tween":true,"target":347,"label":null,"key":"rotation","index":590},{"value":-22,"tweenMethod":"linearNone","tween":true,"target":347,"label":null,"key":"rotation","index":595},{"value":19,"tweenMethod":"linearNone","tween":true,"target":347,"label":null,"key":"rotation","index":605},{"value":-22,"tweenMethod":"linearNone","tween":true,"target":347,"label":null,"key":"rotation","index":610},{"value":19,"tweenMethod":"linearNone","tween":true,"target":347,"label":null,"key":"rotation","index":620},{"value":-22,"tweenMethod":"linearNone","tween":true,"target":347,"label":null,"key":"rotation","index":625},{"value":19,"tweenMethod":"linearNone","tween":true,"target":347,"label":null,"key":"rotation","index":660},{"value":-22,"tweenMethod":"linearNone","tween":true,"target":347,"label":null,"key":"rotation","index":670},{"value":0,"tweenMethod":"linearNone","tween":true,"target":347,"label":null,"key":"rotation","index":685},{"value":-17,"tweenMethod":"linearNone","tween":true,"target":347,"label":null,"key":"rotation","index":700},{"value":0,"tweenMethod":"linearNone","tween":true,"target":347,"label":null,"key":"rotation","index":720},{"value":-17,"tweenMethod":"linearNone","tween":true,"target":347,"label":null,"key":"rotation","index":735},{"value":0,"tweenMethod":"linearNone","tween":true,"target":347,"label":null,"key":"rotation","index":745}]}},{"target":344,"keyframes":{"rotation":[{"value":0,"tweenMethod":"linearNone","tween":true,"target":344,"key":"rotation","index":0},{"value":-36,"tweenMethod":"linearNone","tween":true,"target":344,"key":"rotation","index":10},{"value":18,"tweenMethod":"linearNone","tween":true,"target":344,"key":"rotation","index":25},{"value":0,"tweenMethod":"linearNone","tween":true,"target":344,"label":null,"key":"rotation","index":50},{"value":18,"tweenMethod":"linearNone","tween":true,"target":344,"label":null,"key":"rotation","index":65},{"value":0,"tweenMethod":"linearNone","tween":true,"target":344,"label":null,"key":"rotation","index":90},{"value":18,"tweenMethod":"linearNone","tween":true,"target":344,"label":null,"key":"rotation","index":105},{"value":0,"tweenMethod":"linearNone","tween":true,"target":344,"label":null,"key":"rotation","index":130},{"value":18,"tweenMethod":"linearNone","tween":true,"target":344,"label":null,"key":"rotation","index":145},{"value":0,"tweenMethod":"linearNone","tween":true,"target":344,"label":null,"key":"rotation","index":165},{"value":18,"tweenMethod":"linearNone","tween":true,"target":344,"label":null,"key":"rotation","index":170},{"value":-23,"tweenMethod":"linearNone","tween":true,"target":344,"label":null,"key":"rotation","index":270},{"value":21,"tweenMethod":"linearNone","tween":true,"target":344,"label":null,"key":"rotation","index":280},{"value":-23,"tweenMethod":"linearNone","tween":true,"target":344,"key":"rotation","index":290},{"value":21,"tweenMethod":"linearNone","tween":true,"target":344,"key":"rotation","index":295},{"value":-23,"tweenMethod":"linearNone","tween":true,"target":344,"label":null,"key":"rotation","index":305},{"value":21,"tweenMethod":"linearNone","tween":true,"target":344,"label":null,"key":"rotation","index":310},{"value":-23,"tweenMethod":"linearNone","tween":true,"target":344,"label":null,"key":"rotation","index":320},{"value":21,"tweenMethod":"linearNone","tween":true,"target":344,"label":null,"key":"rotation","index":325},{"value":-23,"tweenMethod":"linearNone","tween":true,"target":344,"label":null,"key":"rotation","index":335},{"value":21,"tweenMethod":"linearNone","tween":true,"target":344,"label":null,"key":"rotation","index":340},{"value":-23,"tweenMethod":"linearNone","tween":true,"target":344,"label":null,"key":"rotation","index":350},{"value":21,"tweenMethod":"linearNone","tween":true,"target":344,"label":null,"key":"rotation","index":355},{"value":-23,"tweenMethod":"linearNone","tween":true,"target":344,"label":null,"key":"rotation","index":365},{"value":21,"tweenMethod":"linearNone","tween":true,"target":344,"label":null,"key":"rotation","index":370},{"value":-23,"tweenMethod":"linearNone","tween":true,"target":344,"label":null,"key":"rotation","index":380},{"value":21,"tweenMethod":"linearNone","tween":true,"target":344,"label":null,"key":"rotation","index":385},{"value":-23,"tweenMethod":"linearNone","tween":true,"target":344,"label":null,"key":"rotation","index":395},{"value":21,"tweenMethod":"linearNone","tween":true,"target":344,"label":null,"key":"rotation","index":400},{"value":-23,"tweenMethod":"linearNone","tween":true,"target":344,"label":null,"key":"rotation","index":410},{"value":21,"tweenMethod":"linearNone","tween":true,"target":344,"label":null,"key":"rotation","index":415},{"value":-23,"tweenMethod":"linearNone","tween":true,"target":344,"label":null,"key":"rotation","index":425},{"value":21,"tweenMethod":"linearNone","tween":true,"target":344,"label":null,"key":"rotation","index":430},{"value":-23,"tweenMethod":"linearNone","tween":true,"target":344,"label":null,"key":"rotation","index":440},{"value":21,"tweenMethod":"linearNone","tween":true,"target":344,"label":null,"key":"rotation","index":445},{"value":-23,"tweenMethod":"linearNone","tween":true,"target":344,"label":null,"key":"rotation","index":455},{"value":21,"tweenMethod":"linearNone","tween":true,"target":344,"label":null,"key":"rotation","index":460},{"value":-23,"tweenMethod":"linearNone","tween":true,"target":344,"label":null,"key":"rotation","index":470},{"value":21,"tweenMethod":"linearNone","tween":true,"target":344,"label":null,"key":"rotation","index":475},{"value":-23,"tweenMethod":"linearNone","tween":true,"target":344,"label":null,"key":"rotation","index":485},{"value":21,"tweenMethod":"linearNone","tween":true,"target":344,"label":null,"key":"rotation","index":490},{"value":-23,"tweenMethod":"linearNone","tween":true,"target":344,"label":null,"key":"rotation","index":500},{"value":21,"tweenMethod":"linearNone","tween":true,"target":344,"label":null,"key":"rotation","index":505},{"value":-23,"tweenMethod":"linearNone","tween":true,"target":344,"label":null,"key":"rotation","index":515},{"value":21,"tweenMethod":"linearNone","tween":true,"target":344,"label":null,"key":"rotation","index":520},{"value":-23,"tweenMethod":"linearNone","tween":true,"target":344,"label":null,"key":"rotation","index":530},{"value":21,"tweenMethod":"linearNone","tween":true,"target":344,"label":null,"key":"rotation","index":535},{"value":-23,"tweenMethod":"linearNone","tween":true,"target":344,"label":null,"key":"rotation","index":545},{"value":21,"tweenMethod":"linearNone","tween":true,"target":344,"label":null,"key":"rotation","index":550},{"value":-23,"tweenMethod":"linearNone","tween":true,"target":344,"label":null,"key":"rotation","index":560},{"value":21,"tweenMethod":"linearNone","tween":true,"target":344,"label":null,"key":"rotation","index":565},{"value":-23,"tweenMethod":"linearNone","tween":true,"target":344,"label":null,"key":"rotation","index":575},{"value":21,"tweenMethod":"linearNone","tween":true,"target":344,"label":null,"key":"rotation","index":580},{"value":-23,"tweenMethod":"linearNone","tween":true,"target":344,"label":null,"key":"rotation","index":590},{"value":21,"tweenMethod":"linearNone","tween":true,"target":344,"label":null,"key":"rotation","index":595},{"value":-23,"tweenMethod":"linearNone","tween":true,"target":344,"label":null,"key":"rotation","index":605},{"value":21,"tweenMethod":"linearNone","tween":true,"target":344,"label":null,"key":"rotation","index":610},{"value":-23,"tweenMethod":"linearNone","tween":true,"target":344,"label":null,"key":"rotation","index":620},{"value":21,"tweenMethod":"linearNone","tween":true,"target":344,"label":null,"key":"rotation","index":625},{"value":-23,"tweenMethod":"linearNone","tween":true,"target":344,"label":null,"key":"rotation","index":660},{"value":21,"tweenMethod":"linearNone","tween":true,"target":344,"label":null,"key":"rotation","index":670},{"value":0,"tweenMethod":"linearNone","tween":true,"target":344,"label":null,"key":"rotation","index":685},{"value":18,"tweenMethod":"linearNone","tween":true,"target":344,"label":null,"key":"rotation","index":700},{"value":0,"tweenMethod":"linearNone","tween":true,"target":344,"label":null,"key":"rotation","index":720},{"value":18,"tweenMethod":"linearNone","tween":true,"target":344,"label":null,"key":"rotation","index":735},{"value":0,"tweenMethod":"linearNone","tween":true,"target":344,"label":null,"key":"rotation","index":745}]}},{"target":370,"keyframes":{"rotation":[{"value":0,"tweenMethod":"linearNone","tween":true,"target":370,"key":"rotation","index":0},{"value":-4,"tweenMethod":"linearNone","tween":true,"target":370,"key":"rotation","index":10},{"value":23,"tweenMethod":"linearNone","tween":true,"target":370,"key":"rotation","index":25},{"value":-4,"tweenMethod":"linearNone","tween":true,"target":370,"label":null,"key":"rotation","index":50},{"value":23,"tweenMethod":"linearNone","tween":true,"target":370,"label":null,"key":"rotation","index":65},{"value":-4,"tweenMethod":"linearNone","tween":true,"target":370,"label":null,"key":"rotation","index":90},{"value":23,"tweenMethod":"linearNone","tween":true,"target":370,"label":null,"key":"rotation","index":105},{"value":-4,"tweenMethod":"linearNone","tween":true,"target":370,"label":null,"key":"rotation","index":130},{"value":23,"tweenMethod":"linearNone","tween":true,"target":370,"label":null,"key":"rotation","index":145},{"value":-21,"tweenMethod":"linearNone","tween":true,"target":370,"key":"rotation","index":165},{"value":-3,"tweenMethod":"linearNone","tween":true,"target":370,"label":null,"key":"rotation","index":270},{"value":30,"tweenMethod":"linearNone","tween":true,"target":370,"label":null,"key":"rotation","index":280},{"value":-3,"tweenMethod":"linearNone","tween":true,"target":370,"key":"rotation","index":290},{"value":30,"tweenMethod":"linearNone","tween":true,"target":370,"key":"rotation","index":295},{"value":-3,"tweenMethod":"linearNone","tween":true,"target":370,"label":null,"key":"rotation","index":305},{"value":30,"tweenMethod":"linearNone","tween":true,"target":370,"label":null,"key":"rotation","index":310},{"value":-3,"tweenMethod":"linearNone","tween":true,"target":370,"label":null,"key":"rotation","index":320},{"value":30,"tweenMethod":"linearNone","tween":true,"target":370,"label":null,"key":"rotation","index":325},{"value":-3,"tweenMethod":"linearNone","tween":true,"target":370,"label":null,"key":"rotation","index":335},{"value":30,"tweenMethod":"linearNone","tween":true,"target":370,"label":null,"key":"rotation","index":340},{"value":-3,"tweenMethod":"linearNone","tween":true,"target":370,"label":null,"key":"rotation","index":350},{"value":30,"tweenMethod":"linearNone","tween":true,"target":370,"label":null,"key":"rotation","index":355},{"value":-3,"tweenMethod":"linearNone","tween":true,"target":370,"label":null,"key":"rotation","index":365},{"value":30,"tweenMethod":"linearNone","tween":true,"target":370,"label":null,"key":"rotation","index":370},{"value":-3,"tweenMethod":"linearNone","tween":true,"target":370,"label":null,"key":"rotation","index":380},{"value":30,"tweenMethod":"linearNone","tween":true,"target":370,"label":null,"key":"rotation","index":385},{"value":-3,"tweenMethod":"linearNone","tween":true,"target":370,"label":null,"key":"rotation","index":395},{"value":30,"tweenMethod":"linearNone","tween":true,"target":370,"label":null,"key":"rotation","index":400},{"value":-3,"tweenMethod":"linearNone","tween":true,"target":370,"label":null,"key":"rotation","index":410},{"value":30,"tweenMethod":"linearNone","tween":true,"target":370,"label":null,"key":"rotation","index":415},{"value":-3,"tweenMethod":"linearNone","tween":true,"target":370,"label":null,"key":"rotation","index":425},{"value":30,"tweenMethod":"linearNone","tween":true,"target":370,"label":null,"key":"rotation","index":430},{"value":-3,"tweenMethod":"linearNone","tween":true,"target":370,"label":null,"key":"rotation","index":440},{"value":30,"tweenMethod":"linearNone","tween":true,"target":370,"label":null,"key":"rotation","index":445},{"value":-3,"tweenMethod":"linearNone","tween":true,"target":370,"label":null,"key":"rotation","index":455},{"value":30,"tweenMethod":"linearNone","tween":true,"target":370,"label":null,"key":"rotation","index":460},{"value":-3,"tweenMethod":"linearNone","tween":true,"target":370,"label":null,"key":"rotation","index":470},{"value":30,"tweenMethod":"linearNone","tween":true,"target":370,"label":null,"key":"rotation","index":475},{"value":-3,"tweenMethod":"linearNone","tween":true,"target":370,"label":null,"key":"rotation","index":485},{"value":30,"tweenMethod":"linearNone","tween":true,"target":370,"label":null,"key":"rotation","index":490},{"value":-3,"tweenMethod":"linearNone","tween":true,"target":370,"label":null,"key":"rotation","index":500},{"value":30,"tweenMethod":"linearNone","tween":true,"target":370,"label":null,"key":"rotation","index":505},{"value":-3,"tweenMethod":"linearNone","tween":true,"target":370,"label":null,"key":"rotation","index":515},{"value":30,"tweenMethod":"linearNone","tween":true,"target":370,"label":null,"key":"rotation","index":520},{"value":-3,"tweenMethod":"linearNone","tween":true,"target":370,"label":null,"key":"rotation","index":530},{"value":30,"tweenMethod":"linearNone","tween":true,"target":370,"label":null,"key":"rotation","index":535},{"value":-3,"tweenMethod":"linearNone","tween":true,"target":370,"label":null,"key":"rotation","index":545},{"value":30,"tweenMethod":"linearNone","tween":true,"target":370,"label":null,"key":"rotation","index":550},{"value":-3,"tweenMethod":"linearNone","tween":true,"target":370,"label":null,"key":"rotation","index":560},{"value":30,"tweenMethod":"linearNone","tween":true,"target":370,"label":null,"key":"rotation","index":565},{"value":-3,"tweenMethod":"linearNone","tween":true,"target":370,"label":null,"key":"rotation","index":575},{"value":30,"tweenMethod":"linearNone","tween":true,"target":370,"label":null,"key":"rotation","index":580},{"value":-3,"tweenMethod":"linearNone","tween":true,"target":370,"label":null,"key":"rotation","index":590},{"value":30,"tweenMethod":"linearNone","tween":true,"target":370,"label":null,"key":"rotation","index":595},{"value":-3,"tweenMethod":"linearNone","tween":true,"target":370,"label":null,"key":"rotation","index":605},{"value":30,"tweenMethod":"linearNone","tween":true,"target":370,"label":null,"key":"rotation","index":610},{"value":-3,"tweenMethod":"linearNone","tween":true,"target":370,"label":null,"key":"rotation","index":620},{"value":30,"tweenMethod":"linearNone","tween":true,"target":370,"label":null,"key":"rotation","index":625},{"value":3,"tweenMethod":"linearNone","tween":true,"target":370,"key":"rotation","index":685},{"value":30,"tweenMethod":"linearNone","tween":true,"target":370,"key":"rotation","index":700},{"value":3,"tweenMethod":"linearNone","tween":true,"target":370,"label":null,"key":"rotation","index":720},{"value":3,"tweenMethod":"linearNone","tween":true,"target":370,"label":null,"key":"rotation","index":735},{"value":0,"tweenMethod":"linearNone","tween":true,"target":370,"label":null,"key":"rotation","index":745}]}},{"target":371,"keyframes":{"rotation":[{"value":0,"tweenMethod":"linearNone","tween":true,"target":371,"key":"rotation","index":0},{"value":16,"tweenMethod":"linearNone","tween":true,"target":371,"key":"rotation","index":10},{"value":-18,"tweenMethod":"linearNone","tween":true,"target":371,"key":"rotation","index":25},{"value":16,"tweenMethod":"linearNone","tween":true,"target":371,"label":null,"key":"rotation","index":50},{"value":-18,"tweenMethod":"linearNone","tween":true,"target":371,"label":null,"key":"rotation","index":65},{"value":16,"tweenMethod":"linearNone","tween":true,"target":371,"label":null,"key":"rotation","index":90},{"value":-18,"tweenMethod":"linearNone","tween":true,"target":371,"label":null,"key":"rotation","index":105},{"value":16,"tweenMethod":"linearNone","tween":true,"target":371,"label":null,"key":"rotation","index":130},{"value":-18,"tweenMethod":"linearNone","tween":true,"target":371,"label":null,"key":"rotation","index":145},{"value":14,"tweenMethod":"linearNone","tween":true,"target":371,"key":"rotation","index":165},{"value":9,"tweenMethod":"linearNone","tween":true,"target":371,"label":null,"key":"rotation","index":270},{"value":-20,"tweenMethod":"linearNone","tween":true,"target":371,"label":null,"key":"rotation","index":280},{"value":9,"tweenMethod":"linearNone","tween":true,"target":371,"key":"rotation","index":290},{"value":-20,"tweenMethod":"linearNone","tween":true,"target":371,"key":"rotation","index":295},{"value":9,"tweenMethod":"linearNone","tween":true,"target":371,"label":null,"key":"rotation","index":305},{"value":-20,"tweenMethod":"linearNone","tween":true,"target":371,"label":null,"key":"rotation","index":310},{"value":9,"tweenMethod":"linearNone","tween":true,"target":371,"label":null,"key":"rotation","index":320},{"value":-20,"tweenMethod":"linearNone","tween":true,"target":371,"label":null,"key":"rotation","index":325},{"value":9,"tweenMethod":"linearNone","tween":true,"target":371,"label":null,"key":"rotation","index":335},{"value":-20,"tweenMethod":"linearNone","tween":true,"target":371,"label":null,"key":"rotation","index":340},{"value":9,"tweenMethod":"linearNone","tween":true,"target":371,"label":null,"key":"rotation","index":350},{"value":-20,"tweenMethod":"linearNone","tween":true,"target":371,"label":null,"key":"rotation","index":355},{"value":9,"tweenMethod":"linearNone","tween":true,"target":371,"label":null,"key":"rotation","index":365},{"value":-20,"tweenMethod":"linearNone","tween":true,"target":371,"label":null,"key":"rotation","index":370},{"value":9,"tweenMethod":"linearNone","tween":true,"target":371,"label":null,"key":"rotation","index":380},{"value":-20,"tweenMethod":"linearNone","tween":true,"target":371,"label":null,"key":"rotation","index":385},{"value":9,"tweenMethod":"linearNone","tween":true,"target":371,"label":null,"key":"rotation","index":395},{"value":-20,"tweenMethod":"linearNone","tween":true,"target":371,"label":null,"key":"rotation","index":400},{"value":9,"tweenMethod":"linearNone","tween":true,"target":371,"label":null,"key":"rotation","index":410},{"value":-20,"tweenMethod":"linearNone","tween":true,"target":371,"label":null,"key":"rotation","index":415},{"value":9,"tweenMethod":"linearNone","tween":true,"target":371,"label":null,"key":"rotation","index":425},{"value":-20,"tweenMethod":"linearNone","tween":true,"target":371,"label":null,"key":"rotation","index":430},{"value":9,"tweenMethod":"linearNone","tween":true,"target":371,"label":null,"key":"rotation","index":440},{"value":-20,"tweenMethod":"linearNone","tween":true,"target":371,"label":null,"key":"rotation","index":445},{"value":9,"tweenMethod":"linearNone","tween":true,"target":371,"label":null,"key":"rotation","index":455},{"value":-20,"tweenMethod":"linearNone","tween":true,"target":371,"label":null,"key":"rotation","index":460},{"value":9,"tweenMethod":"linearNone","tween":true,"target":371,"label":null,"key":"rotation","index":470},{"value":-20,"tweenMethod":"linearNone","tween":true,"target":371,"label":null,"key":"rotation","index":475},{"value":9,"tweenMethod":"linearNone","tween":true,"target":371,"label":null,"key":"rotation","index":485},{"value":-20,"tweenMethod":"linearNone","tween":true,"target":371,"label":null,"key":"rotation","index":490},{"value":9,"tweenMethod":"linearNone","tween":true,"target":371,"label":null,"key":"rotation","index":500},{"value":-20,"tweenMethod":"linearNone","tween":true,"target":371,"label":null,"key":"rotation","index":505},{"value":9,"tweenMethod":"linearNone","tween":true,"target":371,"label":null,"key":"rotation","index":515},{"value":-20,"tweenMethod":"linearNone","tween":true,"target":371,"label":null,"key":"rotation","index":520},{"value":9,"tweenMethod":"linearNone","tween":true,"target":371,"label":null,"key":"rotation","index":530},{"value":-20,"tweenMethod":"linearNone","tween":true,"target":371,"label":null,"key":"rotation","index":535},{"value":9,"tweenMethod":"linearNone","tween":true,"target":371,"label":null,"key":"rotation","index":545},{"value":-20,"tweenMethod":"linearNone","tween":true,"target":371,"label":null,"key":"rotation","index":550},{"value":9,"tweenMethod":"linearNone","tween":true,"target":371,"label":null,"key":"rotation","index":560},{"value":-20,"tweenMethod":"linearNone","tween":true,"target":371,"label":null,"key":"rotation","index":565},{"value":9,"tweenMethod":"linearNone","tween":true,"target":371,"label":null,"key":"rotation","index":575},{"value":-20,"tweenMethod":"linearNone","tween":true,"target":371,"label":null,"key":"rotation","index":580},{"value":9,"tweenMethod":"linearNone","tween":true,"target":371,"label":null,"key":"rotation","index":590},{"value":-20,"tweenMethod":"linearNone","tween":true,"target":371,"label":null,"key":"rotation","index":595},{"value":9,"tweenMethod":"linearNone","tween":true,"target":371,"label":null,"key":"rotation","index":605},{"value":-20,"tweenMethod":"linearNone","tween":true,"target":371,"label":null,"key":"rotation","index":610},{"value":9,"tweenMethod":"linearNone","tween":true,"target":371,"label":null,"key":"rotation","index":620},{"value":-20,"tweenMethod":"linearNone","tween":true,"target":371,"label":null,"key":"rotation","index":625},{"value":4,"tweenMethod":"linearNone","tween":true,"target":371,"key":"rotation","index":685},{"value":-38,"tweenMethod":"linearNone","tween":true,"target":371,"key":"rotation","index":700},{"value":4,"tweenMethod":"linearNone","tween":true,"target":371,"label":null,"key":"rotation","index":720},{"value":4,"tweenMethod":"linearNone","tween":true,"target":371,"label":null,"key":"rotation","index":735},{"value":0,"tweenMethod":"linearNone","tween":true,"target":371,"label":null,"key":"rotation","index":745}]}},{"target":350,"keyframes":{"rotation":[{"value":0,"tweenMethod":"linearNone","tween":true,"target":350,"key":"rotation","index":0},{"value":15,"tweenMethod":"linearNone","tween":true,"target":350,"key":"rotation","index":10},{"value":15,"tweenMethod":"linearNone","tween":true,"target":350,"key":"rotation","index":45},{"value":0,"tweenMethod":"linearNone","tween":true,"target":350,"key":"rotation","index":55},{"value":0,"tweenMethod":"linearNone","tween":true,"target":350,"key":"rotation","index":75},{"value":-15,"tweenMethod":"linearNone","tween":true,"target":350,"key":"rotation","index":85},{"value":-15,"tweenMethod":"linearNone","tween":true,"target":350,"key":"rotation","index":120},{"value":0,"tweenMethod":"linearNone","tween":true,"target":350,"key":"rotation","index":130}]}},{"target":372,"keyframes":{"scaleY":[{"value":1,"tweenMethod":"linearNone","tween":true,"target":372,"key":"scaleY","index":0},{"value":1,"tweenMethod":"linearNone","tween":true,"target":372,"key":"scaleY","index":10},{"value":0,"tweenMethod":"linearNone","tween":true,"target":372,"key":"scaleY","index":20},{"value":1,"tweenMethod":"linearNone","tween":true,"target":372,"key":"scaleY","index":30},{"value":1,"tweenMethod":"linearNone","tween":true,"target":372,"label":null,"key":"scaleY","index":90},{"value":0,"tweenMethod":"linearNone","tween":true,"target":372,"label":null,"key":"scaleY","index":100},{"value":1,"tweenMethod":"linearNone","tween":true,"target":372,"label":null,"key":"scaleY","index":110},{"value":1,"tweenMethod":"linearNone","tween":true,"target":372,"key":"scaleY","index":295},{"value":0,"tweenMethod":"linearNone","tween":true,"target":372,"key":"scaleY","index":300},{"value":1,"tweenMethod":"linearNone","tween":true,"target":372,"key":"scaleY","index":305},{"value":1,"tweenMethod":"linearNone","tween":true,"target":372,"key":"scaleY","index":590},{"value":0,"tweenMethod":"linearNone","tween":true,"target":372,"key":"scaleY","index":595},{"value":1,"tweenMethod":"linearNone","tween":true,"target":372,"key":"scaleY","index":605},{"value":1,"tweenMethod":"linearNone","tween":true,"target":372,"key":"scaleY","index":710},{"value":0,"tweenMethod":"linearNone","tween":true,"target":372,"key":"scaleY","index":720},{"value":1,"tweenMethod":"linearNone","tween":true,"target":372,"key":"scaleY","index":730}]}},{"target":373,"keyframes":{"scaleY":[{"value":1,"tweenMethod":"linearNone","tween":true,"target":373,"key":"scaleY","index":0},{"value":1,"tweenMethod":"linearNone","tween":true,"target":373,"key":"scaleY","index":10},{"value":0,"tweenMethod":"linearNone","tween":true,"target":373,"key":"scaleY","index":20},{"value":1,"tweenMethod":"linearNone","tween":true,"target":373,"key":"scaleY","index":30},{"value":1,"tweenMethod":"linearNone","tween":true,"target":373,"label":null,"key":"scaleY","index":90},{"value":0,"tweenMethod":"linearNone","tween":true,"target":373,"label":null,"key":"scaleY","index":100},{"value":1,"tweenMethod":"linearNone","tween":true,"target":373,"label":null,"key":"scaleY","index":110},{"value":1,"tweenMethod":"linearNone","tween":true,"target":373,"key":"scaleY","index":295},{"value":0,"tweenMethod":"linearNone","tween":true,"target":373,"key":"scaleY","index":300},{"value":1,"tweenMethod":"linearNone","tween":true,"target":373,"key":"scaleY","index":305},{"value":1,"tweenMethod":"linearNone","tween":true,"target":373,"key":"scaleY","index":590},{"value":0,"tweenMethod":"linearNone","tween":true,"target":373,"key":"scaleY","index":595},{"value":1,"tweenMethod":"linearNone","tween":true,"target":373,"key":"scaleY","index":605},{"value":1,"tweenMethod":"linearNone","tween":true,"target":373,"key":"scaleY","index":710},{"value":0,"tweenMethod":"linearNone","tween":true,"target":373,"key":"scaleY","index":720},{"value":1,"tweenMethod":"linearNone","tween":true,"target":373,"key":"scaleY","index":730}]}}],"name":"action1","id":1,"frameRate":60,"action":0},{"nodes":[{"target":176,"keyframes":{"y":[{"value":420,"tweenMethod":"linearNone","tween":true,"target":176,"key":"y","index":0},{"value":420,"tweenMethod":"linearNone","tween":true,"target":176,"label":null,"key":"y","index":130},{"value":420,"tweenMethod":"linearNone","tween":true,"target":176,"label":null,"key":"y","index":160},{"value":420,"tweenMethod":"linearNone","tween":true,"target":176,"key":"y","index":240},{"value":309,"tweenMethod":"linearNone","tween":true,"target":176,"key":"y","index":255},{"value":309,"tweenMethod":"linearNone","tween":true,"target":176,"label":null,"key":"y","index":340},{"value":420,"tweenMethod":"linearNone","tween":true,"target":176,"label":null,"key":"y","index":370}],"x":[{"value":287,"tweenMethod":"linearNone","tween":true,"target":176,"key":"x","index":0},{"value":287,"tweenMethod":"linearNone","tween":true,"target":176,"label":null,"key":"x","index":130},{"value":287,"tweenMethod":"linearNone","tween":true,"target":176,"label":null,"key":"x","index":160},{"value":287,"tweenMethod":"linearNone","tween":true,"target":176,"key":"x","index":240},{"value":296,"tweenMethod":"linearNone","tween":true,"target":176,"key":"x","index":255},{"value":296,"tweenMethod":"linearNone","tween":true,"target":176,"label":null,"key":"x","index":340},{"value":287,"tweenMethod":"linearNone","tween":true,"target":176,"label":null,"key":"x","index":370}],"rotation":[{"value":0,"tweenMethod":"linearNone","tween":true,"target":176,"key":"rotation","index":0},{"value":-20,"tweenMethod":"linearNone","tween":true,"target":176,"key":"rotation","index":30},{"value":-20,"tweenMethod":"linearNone","tween":true,"target":176,"label":null,"key":"rotation","index":60},{"value":0,"tweenMethod":"linearNone","tween":true,"target":176,"key":"rotation","index":90},{"value":0,"tweenMethod":"linearNone","tween":true,"target":176,"label":null,"key":"rotation","index":110},{"value":20,"tweenMethod":"linearNone","tween":true,"target":176,"label":null,"key":"rotation","index":130},{"value":20,"tweenMethod":"linearNone","tween":true,"target":176,"label":null,"key":"rotation","index":160},{"value":0,"tweenMethod":"linearNone","tween":true,"target":176,"key":"rotation","index":180},{"value":0,"tweenMethod":"linearNone","tween":true,"target":176,"label":null,"key":"rotation","index":195},{"value":6,"tweenMethod":"linearNone","tween":true,"target":176,"key":"rotation","index":210},{"value":-10,"tweenMethod":"linearNone","tween":true,"target":176,"key":"rotation","index":225},{"value":0,"tweenMethod":"linearNone","tween":true,"target":176,"key":"rotation","index":240},{"value":0,"tweenMethod":"linearNone","tween":true,"target":176,"key":"rotation","index":255},{"value":8,"tweenMethod":"linearNone","tween":true,"target":176,"key":"rotation","index":270},{"value":0,"tweenMethod":"linearNone","tween":true,"target":176,"key":"rotation","index":285},{"value":8,"tweenMethod":"linearNone","tween":true,"target":176,"key":"rotation","index":300},{"value":0,"tweenMethod":"linearNone","tween":true,"target":176,"key":"rotation","index":310},{"value":8,"tweenMethod":"linearNone","tween":true,"target":176,"key":"rotation","index":325},{"value":0,"tweenMethod":"linearNone","tween":true,"target":176,"label":null,"key":"rotation","index":340},{"value":0,"tweenMethod":"linearNone","tween":true,"target":176,"label":null,"key":"rotation","index":370}],"pivotY":[{"value":401,"tweenMethod":"linearNone","tween":true,"target":176,"key":"pivotY","index":0},{"value":401,"tweenMethod":"linearNone","tween":true,"target":176,"label":null,"key":"pivotY","index":130},{"value":401,"tweenMethod":"linearNone","tween":true,"target":176,"label":null,"key":"pivotY","index":160}],"pivotX":[{"value":253,"tweenMethod":"linearNone","tween":true,"target":176,"key":"pivotX","index":0},{"value":253,"tweenMethod":"linearNone","tween":true,"target":176,"label":null,"key":"pivotX","index":130},{"value":253,"tweenMethod":"linearNone","tween":true,"target":176,"label":null,"key":"pivotX","index":160}]}},{"target":177,"keyframes":{"zOrder":[{"value":99,"tweenMethod":"linearNone","tween":true,"target":177,"key":"zOrder","index":0}],"y":[{"value":394,"tweenMethod":"linearNone","tween":true,"target":177,"key":"y","index":0},{"value":394,"tweenMethod":"linearNone","tween":true,"target":177,"key":"y","index":240},{"value":334,"tweenMethod":"linearNone","tween":true,"target":177,"key":"y","index":255},{"value":334,"tweenMethod":"linearNone","tween":true,"target":177,"label":null,"key":"y","index":340},{"value":394,"tweenMethod":"linearNone","tween":true,"target":177,"label":null,"key":"y","index":370}],"x":[{"value":274,"tweenMethod":"linearNone","tween":true,"target":177,"key":"x","index":0},{"value":274,"tweenMethod":"linearNone","tween":true,"target":177,"key":"x","index":240},{"value":305,"tweenMethod":"linearNone","tween":true,"target":177,"key":"x","index":255},{"value":305,"tweenMethod":"linearNone","tween":true,"target":177,"label":null,"key":"x","index":340},{"value":274,"tweenMethod":"linearNone","tween":true,"target":177,"label":null,"key":"x","index":370}],"rotation":[{"value":0,"tweenMethod":"linearNone","tween":true,"target":177,"key":"rotation","index":0},{"value":0,"tweenMethod":"linearNone","tween":true,"target":177,"key":"rotation","index":240},{"value":17,"tweenMethod":"linearNone","tween":true,"target":177,"key":"rotation","index":255},{"value":17,"tweenMethod":"linearNone","tween":true,"target":177,"label":null,"key":"rotation","index":340},{"value":0,"tweenMethod":"linearNone","tween":true,"target":177,"label":null,"key":"rotation","index":370}]}},{"target":174,"keyframes":{"rotation":[{"value":0,"tweenMethod":"linearNone","tween":true,"target":174,"key":"rotation","index":0},{"value":0,"tweenMethod":"linearNone","tween":true,"target":174,"key":"rotation","index":240},{"value":-134,"tweenMethod":"linearNone","tween":true,"target":174,"key":"rotation","index":255},{"value":-134,"tweenMethod":"linearNone","tween":true,"target":174,"label":null,"key":"rotation","index":340},{"value":0,"tweenMethod":"linearNone","tween":true,"target":174,"label":null,"key":"rotation","index":370}]}},{"target":172,"keyframes":{"zOrder":[{"value":95,"tweenMethod":"linearNone","tween":true,"target":172,"key":"zOrder","index":0}],"y":[{"value":331,"tweenMethod":"linearNone","tween":true,"target":172,"key":"y","index":0},{"value":340,"tweenMethod":"linearNone","tween":true,"target":172,"key":"y","index":255}],"x":[{"value":217,"tweenMethod":"linearNone","tween":true,"target":172,"key":"x","index":0},{"value":218.5,"tweenMethod":"linearNone","tween":true,"target":172,"key":"x","index":255}],"rotation":[{"value":0,"tweenMethod":"linearNone","tween":true,"target":172,"key":"rotation","index":0},{"value":0,"tweenMethod":"linearNone","tween":true,"target":172,"key":"rotation","index":240},{"value":-61,"tweenMethod":"linearNone","tween":true,"target":172,"key":"rotation","index":255},{"value":-61,"tweenMethod":"linearNone","tween":true,"target":172,"label":null,"key":"rotation","index":340},{"value":0,"tweenMethod":"linearNone","tween":true,"target":172,"label":null,"key":"rotation","index":370}]}},{"target":168,"keyframes":{"zOrder":[{"value":100,"tweenMethod":"linearNone","tween":true,"target":168,"key":"zOrder","index":0},{"value":100,"tweenMethod":"linearNone","tween":true,"target":168,"label":null,"key":"zOrder","index":90},{"value":99,"tweenMethod":"linearNone","tween":true,"target":168,"label":null,"key":"zOrder","index":240},{"value":101,"tweenMethod":"linearNone","tween":true,"target":168,"key":"zOrder","index":255},{"value":101,"tweenMethod":"linearNone","tween":true,"target":168,"label":null,"key":"zOrder","index":340},{"value":99,"tweenMethod":"linearNone","tween":true,"target":168,"label":null,"key":"zOrder","index":370}],"y":[{"value":443,"tweenMethod":"linearNone","tween":true,"target":168,"key":"y","index":0},{"value":443,"tweenMethod":"linearNone","tween":true,"target":168,"label":null,"key":"y","index":90},{"value":443,"tweenMethod":"linearNone","tween":true,"target":168,"label":null,"key":"y","index":240},{"value":387,"tweenMethod":"linearNone","tween":true,"target":168,"key":"y","index":255},{"value":387,"tweenMethod":"linearNone","tween":true,"target":168,"label":null,"key":"y","index":340},{"value":443,"tweenMethod":"linearNone","tween":true,"target":168,"label":null,"key":"y","index":370}],"x":[{"value":318,"tweenMethod":"linearNone","tween":true,"target":168,"key":"x","index":0},{"value":318,"tweenMethod":"linearNone","tween":true,"target":168,"label":null,"key":"x","index":90},{"value":318,"tweenMethod":"linearNone","tween":true,"target":168,"label":null,"key":"x","index":240},{"value":357.5,"tweenMethod":"linearNone","tween":true,"target":168,"key":"x","index":255},{"value":357.5,"tweenMethod":"linearNone","tween":true,"target":168,"label":null,"key":"x","index":340},{"value":318,"tweenMethod":"linearNone","tween":true,"target":168,"label":null,"key":"x","index":370}],"rotation":[{"value":0,"tweenMethod":"linearNone","tween":true,"target":168,"key":"rotation","index":0},{"value":-115,"tweenMethod":"linearNone","tween":true,"target":168,"key":"rotation","index":30},{"value":-115,"tweenMethod":"linearNone","tween":true,"target":168,"label":null,"key":"rotation","index":60},{"value":0,"tweenMethod":"linearNone","tween":true,"target":168,"label":null,"key":"rotation","index":90},{"value":0,"tweenMethod":"linearNone","tween":true,"target":168,"key":"rotation","index":110},{"value":40,"tweenMethod":"linearNone","tween":true,"target":168,"key":"rotation","index":130},{"value":40,"tweenMethod":"linearNone","tween":true,"target":168,"label":null,"key":"rotation","index":160},{"value":0,"tweenMethod":"linearNone","tween":true,"target":168,"key":"rotation","index":180},{"value":0,"tweenMethod":"linearNone","tween":true,"target":168,"label":null,"key":"rotation","index":195},{"value":0,"tweenMethod":"linearNone","tween":true,"target":168,"key":"rotation","index":210},{"value":0,"tweenMethod":"linearNone","tween":true,"target":168,"label":null,"key":"rotation","index":240},{"value":-135,"tweenMethod":"linearNone","tween":true,"target":168,"key":"rotation","index":255},{"value":-135,"tweenMethod":"linearNone","tween":true,"target":168,"label":null,"key":"rotation","index":340},{"value":0,"tweenMethod":"linearNone","tween":true,"target":168,"label":null,"key":"rotation","index":370}]}},{"target":170,"keyframes":{"rotation":[{"value":0,"tweenMethod":"linearNone","tween":true,"target":170,"key":"rotation","index":0},{"value":-111,"tweenMethod":"linearNone","tween":true,"target":170,"key":"rotation","index":30},{"value":-111,"tweenMethod":"linearNone","tween":true,"target":170,"label":null,"key":"rotation","index":60},{"value":0,"tweenMethod":"linearNone","tween":true,"target":170,"label":null,"key":"rotation","index":90},{"value":0,"tweenMethod":"linearNone","tween":true,"target":170,"key":"rotation","index":110},{"value":50,"tweenMethod":"linearNone","tween":true,"target":170,"key":"rotation","index":130},{"value":50,"tweenMethod":"linearNone","tween":true,"target":170,"label":null,"key":"rotation","index":160},{"value":0,"tweenMethod":"linearNone","tween":true,"target":170,"key":"rotation","index":180},{"value":0,"tweenMethod":"linearNone","tween":true,"target":170,"label":null,"key":"rotation","index":195},{"value":0,"tweenMethod":"linearNone","tween":true,"target":170,"key":"rotation","index":210},{"value":0,"tweenMethod":"linearNone","tween":true,"target":170,"key":"rotation","index":240},{"value":47,"tweenMethod":"linearNone","tween":true,"target":170,"key":"rotation","index":255},{"value":83,"tweenMethod":"linearNone","tween":true,"target":170,"key":"rotation","index":270},{"value":37,"tweenMethod":"linearNone","tween":true,"target":170,"key":"rotation","index":285},{"value":76,"tweenMethod":"linearNone","tween":true,"target":170,"key":"rotation","index":300},{"value":32,"tweenMethod":"linearNone","tween":true,"target":170,"key":"rotation","index":310},{"value":83,"tweenMethod":"linearNone","tween":true,"target":170,"label":null,"key":"rotation","index":325},{"value":47,"tweenMethod":"linearNone","tween":true,"target":170,"label":null,"key":"rotation","index":340},{"value":0,"tweenMethod":"linearNone","tween":true,"target":170,"label":null,"key":"rotation","index":370}]}},{"target":164,"keyframes":{"zOrder":[{"value":98,"tweenMethod":"linearNone","tween":true,"target":164,"key":"zOrder","index":0}],"rotation":[{"value":0,"tweenMethod":"linearNone","tween":true,"target":164,"key":"rotation","index":0}]}},{"target":152,"keyframes":{"y":[{"value":152,"tweenMethod":"linearNone","tween":true,"target":152,"key":"y","index":0},{"value":163.5,"tweenMethod":"linearNone","tween":true,"target":152,"key":"y","index":30},{"value":163.5,"tweenMethod":"linearNone","tween":true,"target":152,"label":null,"key":"y","index":60},{"value":175,"tweenMethod":"linearNone","tween":true,"target":152,"key":"y","index":95},{"value":175,"tweenMethod":"linearNone","tween":true,"target":152,"label":null,"key":"y","index":105},{"value":168,"tweenMethod":"linearNone","tween":true,"target":152,"key":"y","index":130},{"value":168,"tweenMethod":"linearNone","tween":true,"target":152,"key":"y","index":160},{"value":152,"tweenMethod":"linearNone","tween":true,"target":152,"label":null,"key":"y","index":180},{"value":152,"tweenMethod":"linearNone","tween":true,"target":152,"label":null,"key":"y","index":195},{"value":163.5,"tweenMethod":"linearNone","tween":true,"target":152,"key":"y","index":225}],"x":[{"value":380,"tweenMethod":"linearNone","tween":true,"target":152,"key":"x","index":0},{"value":374.5,"tweenMethod":"linearNone","tween":true,"target":152,"key":"x","index":30},{"value":374.5,"tweenMethod":"linearNone","tween":true,"target":152,"label":null,"key":"x","index":60},{"value":360,"tweenMethod":"linearNone","tween":true,"target":152,"key":"x","index":95},{"value":360,"tweenMethod":"linearNone","tween":true,"target":152,"label":null,"key":"x","index":105},{"value":367,"tweenMethod":"linearNone","tween":true,"target":152,"key":"x","index":130},{"value":367,"tweenMethod":"linearNone","tween":true,"target":152,"key":"x","index":160},{"value":380,"tweenMethod":"linearNone","tween":true,"target":152,"label":null,"key":"x","index":180},{"value":380,"tweenMethod":"linearNone","tween":true,"target":152,"label":null,"key":"x","index":195},{"value":374.5,"tweenMethod":"linearNone","tween":true,"target":152,"key":"x","index":225}],"rotation":[{"value":0,"tweenMethod":"linearNone","tween":true,"target":152,"key":"rotation","index":0},{"value":26,"tweenMethod":"linearNone","tween":true,"target":152,"key":"rotation","index":30},{"value":26,"tweenMethod":"linearNone","tween":true,"target":152,"label":null,"key":"rotation","index":60},{"value":0,"tweenMethod":"linearNone","tween":true,"target":152,"key":"rotation","index":90},{"value":-24,"tweenMethod":"linearNone","tween":true,"target":152,"key":"rotation","index":95},{"value":8,"tweenMethod":"linearNone","tween":true,"target":152,"label":null,"key":"rotation","index":100},{"value":-24,"tweenMethod":"linearNone","tween":true,"target":152,"label":null,"key":"rotation","index":105},{"value":0,"tweenMethod":"linearNone","tween":true,"target":152,"label":null,"key":"rotation","index":110},{"value":27,"tweenMethod":"linearNone","tween":true,"target":152,"key":"rotation","index":130},{"value":27,"tweenMethod":"linearNone","tween":true,"target":152,"label":null,"key":"rotation","index":160},{"value":1,"tweenMethod":"linearNone","tween":true,"target":152,"key":"rotation","index":180},{"value":1,"tweenMethod":"linearNone","tween":true,"target":152,"label":null,"key":"rotation","index":195},{"value":11,"tweenMethod":"linearNone","tween":true,"target":152,"key":"rotation","index":210},{"value":-14,"tweenMethod":"linearNone","tween":true,"target":152,"key":"rotation","index":225},{"value":0,"tweenMethod":"linearNone","tween":true,"target":152,"key":"rotation","index":240}]}},{"target":154,"keyframes":{"y":[{"value":144,"tweenMethod":"linearNone","tween":true,"target":154,"key":"y","index":0},{"value":162.5,"tweenMethod":"linearNone","tween":true,"target":154,"key":"y","index":30},{"value":162.5,"tweenMethod":"linearNone","tween":true,"target":154,"label":null,"key":"y","index":60},{"value":160.5,"tweenMethod":"linearNone","tween":true,"target":154,"key":"y","index":95},{"value":160.5,"tweenMethod":"linearNone","tween":true,"target":154,"label":null,"key":"y","index":105},{"value":160,"tweenMethod":"linearNone","tween":true,"target":154,"key":"y","index":130},{"value":160,"tweenMethod":"linearNone","tween":true,"target":154,"key":"y","index":160},{"value":144,"tweenMethod":"linearNone","tween":true,"target":154,"label":null,"key":"y","index":180},{"value":144,"tweenMethod":"linearNone","tween":true,"target":154,"label":null,"key":"y","index":195},{"value":152,"tweenMethod":"linearNone","tween":true,"target":154,"key":"y","index":210},{"value":162.5,"tweenMethod":"linearNone","tween":true,"target":154,"key":"y","index":225}],"x":[{"value":120,"tweenMethod":"linearNone","tween":true,"target":154,"key":"x","index":0},{"value":130.5,"tweenMethod":"linearNone","tween":true,"target":154,"key":"x","index":30},{"value":130.5,"tweenMethod":"linearNone","tween":true,"target":154,"label":null,"key":"x","index":60},{"value":137.5,"tweenMethod":"linearNone","tween":true,"target":154,"key":"x","index":95},{"value":137.5,"tweenMethod":"linearNone","tween":true,"target":154,"label":null,"key":"x","index":105},{"value":135,"tweenMethod":"linearNone","tween":true,"target":154,"key":"x","index":130},{"value":135,"tweenMethod":"linearNone","tween":true,"target":154,"key":"x","index":160},{"value":120,"tweenMethod":"linearNone","tween":true,"target":154,"label":null,"key":"x","index":180},{"value":120,"tweenMethod":"linearNone","tween":true,"target":154,"label":null,"key":"x","index":195},{"value":122,"tweenMethod":"linearNone","tween":true,"target":154,"key":"x","index":210}],"rotation":[{"value":0,"tweenMethod":"linearNone","tween":true,"target":154,"key":"rotation","index":0},{"value":-31,"tweenMethod":"linearNone","tween":true,"target":154,"key":"rotation","index":30},{"value":-31,"tweenMethod":"linearNone","tween":true,"target":154,"label":null,"key":"rotation","index":60},{"value":0,"tweenMethod":"linearNone","tween":true,"target":154,"key":"rotation","index":90},{"value":22,"tweenMethod":"linearNone","tween":true,"target":154,"key":"rotation","index":95},{"value":-11,"tweenMethod":"linearNone","tween":true,"target":154,"label":null,"key":"rotation","index":100},{"value":22,"tweenMethod":"linearNone","tween":true,"target":154,"label":null,"key":"rotation","index":105},{"value":0,"tweenMethod":"linearNone","tween":true,"target":154,"label":null,"key":"rotation","index":110},{"value":-32,"tweenMethod":"linearNone","tween":true,"target":154,"key":"rotation","index":130},{"value":-32,"tweenMethod":"linearNone","tween":true,"target":154,"label":null,"key":"rotation","index":160},{"value":0,"tweenMethod":"linearNone","tween":true,"target":154,"label":null,"key":"rotation","index":180},{"value":0,"tweenMethod":"linearNone","tween":true,"target":154,"label":null,"key":"rotation","index":195},{"value":11,"tweenMethod":"linearNone","tween":true,"target":154,"key":"rotation","index":210},{"value":-20,"tweenMethod":"linearNone","tween":true,"target":154,"key":"rotation","index":225},{"value":0,"tweenMethod":"linearNone","tween":true,"target":154,"key":"rotation","index":240}]}},{"target":156,"keyframes":{"scaleY":[{"value":1,"tweenMethod":"linearNone","tween":true,"target":156,"key":"scaleY","index":0},{"value":1,"tweenMethod":"linearNone","tween":true,"target":156,"key":"scaleY","index":37},{"value":0,"tweenMethod":"linearNone","tween":true,"target":156,"key":"scaleY","index":40},{"value":1,"tweenMethod":"linearNone","tween":true,"target":156,"key":"scaleY","index":43},{"value":1,"tweenMethod":"linearNone","tween":true,"target":156,"key":"scaleY","index":135},{"value":0,"tweenMethod":"linearNone","tween":true,"target":156,"key":"scaleY","index":137},{"value":1,"tweenMethod":"linearNone","tween":true,"target":156,"key":"scaleY","index":139}]}},{"target":158,"keyframes":{"scaleY":[{"value":1,"tweenMethod":"linearNone","tween":true,"target":158,"key":"scaleY","index":0},{"value":1,"tweenMethod":"linearNone","tween":true,"target":158,"key":"scaleY","index":37},{"value":0,"tweenMethod":"linearNone","tween":true,"target":158,"key":"scaleY","index":40},{"value":1,"tweenMethod":"linearNone","tween":true,"target":158,"key":"scaleY","index":43},{"value":1,"tweenMethod":"linearNone","tween":true,"target":158,"key":"scaleY","index":135},{"value":0,"tweenMethod":"linearNone","tween":true,"target":158,"key":"scaleY","index":137},{"value":1,"tweenMethod":"linearNone","tween":true,"target":158,"key":"scaleY","index":139}]}},{"target":162,"keyframes":{"scaleY":[{"value":1,"tweenMethod":"linearNone","tween":true,"target":162,"key":"scaleY","index":0},{"value":1,"tweenMethod":"linearNone","tween":true,"target":162,"key":"scaleY","index":48},{"value":0.7,"tweenMethod":"linearNone","tween":true,"target":162,"key":"scaleY","index":53},{"value":1,"tweenMethod":"linearNone","tween":true,"target":162,"key":"scaleY","index":58},{"value":1,"tweenMethod":"linearNone","tween":true,"target":162,"key":"scaleY","index":145},{"value":0.7,"tweenMethod":"linearNone","tween":true,"target":162,"key":"scaleY","index":150},{"value":1,"tweenMethod":"linearNone","tween":true,"target":162,"key":"scaleY","index":160}],"scaleX":[{"value":1,"tweenMethod":"linearNone","tween":true,"target":162,"key":"scaleX","index":0},{"value":1,"tweenMethod":"linearNone","tween":true,"target":162,"key":"scaleX","index":48},{"value":0.7,"tweenMethod":"linearNone","tween":true,"target":162,"key":"scaleX","index":53},{"value":1,"tweenMethod":"linearNone","tween":true,"target":162,"key":"scaleX","index":58},{"value":1,"tweenMethod":"linearNone","tween":true,"target":162,"key":"scaleX","index":145},{"value":0.7,"tweenMethod":"linearNone","tween":true,"target":162,"key":"scaleX","index":150},{"value":1,"tweenMethod":"linearNone","tween":true,"target":162,"key":"scaleX","index":160}]}},{"target":166,"keyframes":{"rotation":[{"value":0,"tweenMethod":"linearNone","tween":true,"target":166,"key":"rotation","index":0},{"value":-31,"tweenMethod":"linearNone","tween":true,"target":166,"key":"rotation","index":30},{"value":-2,"tweenMethod":"linearNone","tween":true,"target":166,"key":"rotation","index":43},{"value":-31,"tweenMethod":"linearNone","tween":true,"target":166,"label":null,"key":"rotation","index":60},{"value":0,"tweenMethod":"linearNone","tween":true,"target":166,"key":"rotation","index":90},{"value":0,"tweenMethod":"linearNone","tween":true,"target":166,"key":"rotation","index":110},{"value":20,"tweenMethod":"linearNone","tween":true,"target":166,"key":"rotation","index":130},{"value":20,"tweenMethod":"linearNone","tween":true,"target":166,"key":"rotation","index":160},{"value":0,"tweenMethod":"linearNone","tween":true,"target":166,"key":"rotation","index":180},{"value":0,"tweenMethod":"linearNone","tween":true,"target":166,"label":null,"key":"rotation","index":195},{"value":-25,"tweenMethod":"linearNone","tween":true,"target":166,"key":"rotation","index":210},{"value":0,"tweenMethod":"linearNone","tween":true,"target":166,"key":"rotation","index":240},{"value":0,"tweenMethod":"linearNone","tween":true,"target":166,"key":"rotation","index":255},{"value":-20,"tweenMethod":"linearNone","tween":true,"target":166,"key":"rotation","index":270},{"value":0,"tweenMethod":"linearNone","tween":true,"target":166,"key":"rotation","index":285},{"value":-20,"tweenMethod":"linearNone","tween":true,"target":166,"key":"rotation","index":300},{"value":0,"tweenMethod":"linearNone","tween":true,"target":166,"key":"rotation","index":310},{"value":-20,"tweenMethod":"linearNone","tween":true,"target":166,"key":"rotation","index":325},{"value":0,"tweenMethod":"linearNone","tween":true,"target":166,"key":"rotation","index":340}]}}],"name":"action1_0","id":1,"frameRate":60,"action":0}],"loadList":["Frame/UI/ui_orthogon_white.png","Game/UI/GameScene/Level8/lianmask.png","Game/UI/GameScene/Level8/lian.png","Game/UI/GameScene/Level8/erduo mask.png","Game/UI/GameScene/Level8/erduo .png","Game/UI/GameScene/Level8/yanjingmask.png","Game/UI/GameScene/Level8/yanjing.png","Game/UI/GameScene/Level8/zuimask.png","Game/UI/GameScene/Level8/zui.png","Game/UI/GameScene/Level8/xiaochibangmask.png","Game/UI/GameScene/Level8/xiaochibang.png","Game/UI/GameScene/Level8/duzimask.png","Game/UI/GameScene/Level8/duzi.png","Game/UI/GameScene/Level8/aixinmask.png","Game/UI/GameScene/Level8/aixin.png","Game/UI/GameScene/Level8/ahuzi mask.png","Game/UI/GameScene/Level8/ahuzi .png"],"loadList3D":[]}