{"type":"View","props":{"width":720,"height":1280},"compId":2,"child":[{"type":"Image","props":{"y":681,"width":343,"skin":"Frame/UI/ui_orthogon_cycn.png","sizeGrid":"15,16,18,10","height":135,"centerX":0},"compId":4,"child":[{"type":"Label","props":{"y":27.5,"x":74,"width":195,"valign":"middle","text":"加载界面","height":80,"fontSize":30,"bold":true,"align":"center"},"compId":5}]},{"type":"Script","props":{"runtime":"script/Frame/_PreLoad.ts"},"compId":9},{"type":"Script","props":{"runtime":"script/Frame/_Init.ts"},"compId":10}],"loadList":["Frame/UI/ui_orthogon_cycn.png"],"loadList3D":[]}