{"type":"View","props":{"width":720,"height":1280},"compId":2,"child":[{"type":"Image","props":{"width":720,"var":"Background","skin":"Lwg/UI/ui_orthogon_black_0.7.png","sizeGrid":"23,16,15,22","name":"Background","height":1280},"compId":20},{"type":"Image","props":{"y":918,"x":360,"width":370,"var":"BtnBack","skin":"Lwg/UI/ui_l_orthogon_yellow.png","sizeGrid":"23,10,10,13","pivotY":91,"pivotX":185,"name":"BtnBack","height":181},"compId":21,"child":[{"type":"Label","props":{"valign":"middle","text":"返回","fontSize":50,"centerY":0,"centerX":0,"align":"center"},"compId":22}]},{"type":"Label","props":{"y":291,"x":51,"width":599,"valign":"middle","text":"失败","height":152,"fontSize":80,"color":"#ffffff","align":"center"},"compId":23}],"loadList":["Lwg/UI/ui_orthogon_black_0.7.png","Lwg/UI/ui_l_orthogon_yellow.png"],"loadList3D":[]}