{"type":"View","props":{"width":720,"height":1280},"compId":2,"child":[{"type":"Image","props":{"y":0,"x":0,"var":"Background","skin":"Game/UI/Game/SceneStyle_01/Bg.png","name":"Background"},"compId":94},{"type":"Image","props":{"y":284.5,"x":-112,"skin":"Game/UI/Game/SceneStyle_01/yun_01.png","name":"Yun1"},"compId":118},{"type":"Image","props":{"y":442,"x":617,"skin":"Game/UI/Game/SceneStyle_01/yun_02.png","name":"Yun2"},"compId":119},{"type":"Image","props":{"y":370,"x":360,"width":450,"var":"LandContent","rotation":0,"pivotY":225,"pivotX":225,"name":"LandContent","height":450},"compId":97,"child":[{"type":"Image","props":{"y":0,"x":0,"width":427,"var":"BehindScenery","name":"BehindScenery","height":449},"compId":103,"child":[{"type":"Image","props":{"y":67,"x":220,"width":101,"skin":"Game/UI/Game/SceneStyle_01/botany_01.png","scaleY":0.7,"scaleX":0.7,"rotation":-4,"pivotY":117,"pivotX":51,"height":117},"compId":106},{"type":"Image","props":{"y":114,"x":112,"width":101,"skin":"Game/UI/Game/SceneStyle_01/botany_02.png","scaleY":0.8,"scaleX":0.8,"rotation":-45,"pivotY":140,"pivotX":51,"height":140},"compId":107},{"type":"Image","props":{"y":352,"x":119,"width":101,"skin":"Game/UI/Game/SceneStyle_01/botany_01.png","scaleY":0.9,"scaleX":0.9,"rotation":216,"pivotY":117,"pivotX":51,"height":117},"compId":109},{"type":"Image","props":{"y":306,"x":92,"width":105,"skin":"Game/UI/Game/SceneStyle_01/botany_03.png","scaleY":0.9,"scaleX":0.9,"rotation":-122,"pivotY":163,"pivotX":53,"height":163},"compId":108},{"type":"Image","props":{"y":163.5,"x":375.5,"width":101,"skin":"Game/UI/Game/SceneStyle_01/botany_02.png","scaleY":0.8,"scaleX":0.8,"rotation":71,"pivotY":140,"pivotX":51,"height":140},"compId":110},{"type":"Image","props":{"y":210,"x":387,"width":101,"skin":"Game/UI/Game/SceneStyle_01/botany_01.png","scaleY":0.7,"scaleX":0.7,"rotation":94,"pivotY":117,"pivotX":51,"height":117},"compId":111},{"type":"Image","props":{"y":352,"x":322,"width":105,"skin":"Game/UI/Game/SceneStyle_01/botany_03.png","scaleY":0.8,"scaleX":0.8,"rotation":141,"pivotY":163,"pivotX":53,"height":163},"compId":112}]},{"type":"Image","props":{"y":0,"x":0,"width":415,"name":"EnemyParent","height":428},"compId":114,"child":[{"type":"Image","props":{"y":55,"x":241,"presetID":1,"width":74,"skin":"Game/UI/Game/Enemy/enemy_01_blue.png","rotation":0,"pivotY":74,"pivotX":37,"name":"Enemy","isPresetRoot":true,"height":74},"compId":115},{"type":"Image","props":{"y":185,"x":396,"width":74,"skin":"Game/UI/Game/Enemy/enemy_01_yellow.png","rotation":80,"pivotY":74,"pivotX":37,"height":74},"compId":116},{"type":"Image","props":{"y":393,"x":219,"width":74,"skin":"Game/UI/Game/Enemy/enemy_01_red.png","rotation":-177,"pivotY":74,"pivotX":37,"height":74},"compId":117}]},{"type":"Image","props":{"y":225,"x":225,"width":403,"skin":"Game/UI/Game/SceneStyle_01/land.png","pivotY":202,"pivotX":202,"name":"Land","height":404},"compId":96},{"type":"Image","props":{"y":23,"x":23,"width":427,"name":"FrontScenery","height":449},"compId":121,"child":[{"type":"Image","props":{"y":154,"x":53,"width":61,"skin":"Game/UI/Game/SceneStyle_01/stone_01.png","rotation":-77,"pivotY":42,"pivotX":31,"height":42},"compId":113}]}]},{"type":"Image","props":{"y":358,"x":360,"width":94,"var":"Heroine","skin":"Game/UI/Game/Heroine/heroine_01.png","pivotY":42,"pivotX":47,"name":"Heroine","height":84},"compId":102},{"type":"Image","props":{"y":1038,"x":390,"width":128,"var":"HeroContent","pivotY":66,"pivotX":64,"name":"HeroContent","height":112},"compId":98,"child":[{"type":"Image","props":{"y":50.5,"x":64,"width":118,"var":"Hero","skin":"Game/UI/Game/Hero/Hero_01.png","pivotY":62,"pivotX":59,"name":"Hero","height":123},"compId":99},{"type":"Image","props":{"y":-123,"x":-115,"width":360,"var":"WeaponParent","name":"WeaponParent","height":369},"compId":101,"child":[{"type":"Image","props":{"y":58,"x":197,"rotation":0,"presetID":1,"width":32,"pivotY":37,"pivotX":16,"name":"Weapon","isPresetRoot":true,"height":160},"compId":100}]}]}],"animations":[{"nodes":[{"target":27,"keyframes":{"rotation":[{"value":0,"tweenMethod":"linearNone","tween":true,"target":27,"key":"rotation","index":0},{"value":-90,"tweenMethod":"linearNone","tween":true,"target":27,"key":"rotation","index":20},{"value":0,"tweenMethod":"linearNone","tween":true,"target":27,"label":null,"key":"rotation","index":40},{"value":90,"tweenMethod":"linearNone","tween":true,"target":27,"key":"rotation","index":60},{"value":0,"tweenMethod":"linearNone","tween":true,"target":27,"label":null,"key":"rotation","index":80},{"value":100,"tweenMethod":"linearNone","tween":true,"target":27,"key":"rotation","index":100},{"value":0,"tweenMethod":"linearNone","tween":true,"target":27,"key":"rotation","index":120}]}},{"target":20,"keyframes":{"rotation":[{"value":-60,"tweenMethod":"linearNone","tween":true,"target":20,"key":"rotation","index":0},{"value":-40,"tweenMethod":"linearNone","tween":true,"target":20,"key":"rotation","index":60},{"value":-39,"tweenMethod":"linearNone","tween":true,"target":20,"label":null,"key":"rotation","index":80},{"value":-60,"tweenMethod":"linearNone","tween":true,"target":20,"label":null,"key":"rotation","index":120}]}},{"target":21,"keyframes":{"rotation":[{"value":60,"tweenMethod":"linearNone","tween":true,"target":21,"label":null,"key":"rotation","index":0},{"value":40,"tweenMethod":"linearNone","tween":true,"target":21,"key":"rotation","index":20},{"value":60,"tweenMethod":"linearNone","tween":true,"target":21,"label":null,"key":"rotation","index":40},{"value":35,"tweenMethod":"linearNone","tween":true,"target":21,"label":null,"key":"rotation","index":80},{"value":60,"tweenMethod":"linearNone","tween":true,"target":21,"label":null,"key":"rotation","index":120}]}},{"target":28,"keyframes":{"y":[{"value":775,"tweenMethod":"linearNone","tween":true,"target":28,"key":"y","index":0},{"value":575,"tweenMethod":"linearNone","tween":true,"target":28,"key":"y","index":100},{"value":775,"tweenMethod":"linearNone","tween":true,"target":28,"key":"y","index":120}],"rotation":[{"value":0,"tweenMethod":"linearNone","tween":true,"target":28,"key":"rotation","index":0},{"value":12,"tweenMethod":"linearNone","tween":true,"target":28,"key":"rotation","index":20},{"value":0,"tweenMethod":"linearNone","tween":true,"target":28,"label":null,"key":"rotation","index":40},{"value":-12,"tweenMethod":"linearNone","tween":true,"target":28,"key":"rotation","index":60},{"value":0,"tweenMethod":"linearNone","tween":true,"target":28,"label":null,"key":"rotation","index":80}]}}],"name":"action1","id":1,"frameRate":60,"action":0}],"loadList":["Game/UI/Game/SceneStyle_01/Bg.png","Game/UI/Game/SceneStyle_01/yun_01.png","Game/UI/Game/SceneStyle_01/yun_02.png","Game/UI/Game/SceneStyle_01/botany_01.png","Game/UI/Game/SceneStyle_01/botany_02.png","Game/UI/Game/SceneStyle_01/botany_03.png","prefab/Enemy.prefab","Game/UI/Game/Enemy/enemy_01_yellow.png","Game/UI/Game/Enemy/enemy_01_red.png","Game/UI/Game/SceneStyle_01/land.png","Game/UI/Game/SceneStyle_01/stone_01.png","Game/UI/Game/Heroine/heroine_01.png","Game/UI/Game/Hero/Hero_01.png","prefab/Weapon.prefab"],"loadList3D":[]}