{"type":"View","props":{"width":720,"height":1280},"compId":2,"child":[{"type":"Image","props":{"y":0,"x":0,"var":"Background","skin":"Game/UI/Game/SceneStyle_01/Bg.png","name":"Background"},"compId":27},{"type":"Image","props":{"y":284,"x":-112,"skin":"Game/UI/Game/SceneStyle_01/yun_01.png","name":"Yun1"},"compId":28},{"type":"Image","props":{"y":442,"x":617,"skin":"Game/UI/Game/SceneStyle_01/yun_02.png","name":"Yun2"},"compId":29},{"type":"Image","props":{"y":370,"x":360,"width":450,"var":"LandContent","rotation":0,"pivotY":225,"pivotX":225,"name":"LandContent","height":450},"compId":30,"child":[{"type":"Image","props":{"y":0,"x":0,"width":427,"var":"BehindScenery","name":"BehindScenery","height":449},"compId":33,"child":[{"type":"Image","props":{"y":67,"x":220,"width":101,"skin":"Game/UI/Game/SceneStyle_01/botany_01.png","scaleY":0.7,"scaleX":0.7,"rotation":-4,"pivotY":117,"pivotX":51,"height":117},"compId":34},{"type":"Image","props":{"y":352,"x":119,"width":101,"skin":"Game/UI/Game/SceneStyle_01/botany_01.png","scaleY":0.9,"scaleX":0.9,"rotation":216,"pivotY":117,"pivotX":51,"height":117},"compId":36},{"type":"Image","props":{"y":210,"x":387,"width":101,"skin":"Game/UI/Game/SceneStyle_01/botany_01.png","scaleY":0.7,"scaleX":0.7,"rotation":94,"pivotY":117,"pivotX":51,"height":117},"compId":39}]},{"type":"Image","props":{"y":0,"x":0,"width":415,"var":"EnemyParent","name":"EnemyParent","height":428},"compId":41,"child":[{"type":"Image","props":{"y":55,"x":107,"width":74,"skin":"Game/UI/Game/Enemy/enemy_01_blue.png","rotation":-32,"pivotY":37,"pivotX":37,"name":"Enemyblue","height":74},"compId":84,"child":[{"type":"Image","props":{"y":6,"x":38,"width":79,"skin":"Game/UI/Game/Enemy/shell.png","pivotY":22,"pivotX":40,"name":"Shell","height":43},"compId":88}]},{"type":"Image","props":{"y":18,"x":241,"width":74,"skin":"Game/UI/Game/Enemy/enemy_01_blue.png","rotation":0,"pivotY":37,"pivotX":37,"name":"Enemyblue","height":74},"compId":42,"child":[{"type":"Image","props":{"y":6,"x":38,"width":79,"skin":"Game/UI/Game/Enemy/shell.png","pivotY":22,"pivotX":40,"name":"Shell","height":43},"compId":90}]},{"type":"Image","props":{"y":194,"x":432,"width":74,"skin":"Game/UI/Game/Enemy/enemy_01_yellow.png","rotation":80,"pivotY":37,"pivotX":37,"name":"Enemyyellow","height":74},"compId":43},{"type":"Image","props":{"y":436,"x":207.5,"width":74,"skin":"Game/UI/Game/Enemy/enemy_01_red.png","rotation":-177,"pivotY":37,"pivotX":37,"name":"Enemyred","height":74},"compId":44},{"type":"Image","props":{"y":362,"x":378,"width":74,"skin":"Game/UI/Game/Enemy/enemy_01_yellow.png","rotation":134,"pivotY":37,"pivotX":37,"name":"Enemyyellow","height":74},"compId":85},{"type":"Image","props":{"y":288,"x":49,"width":74,"skin":"Game/UI/Game/Enemy/enemy_01_red.png","rotation":-108,"pivotY":37,"pivotX":37,"name":"Enemyred","height":74},"compId":86}]},{"type":"Image","props":{"y":0,"x":0,"width":427,"var":"MiddleScenery","name":"MiddleScenery","height":449},"compId":53,"child":[{"type":"Image","props":{"y":114,"x":112,"width":101,"skin":"Game/UI/Game/SceneStyle_01/botany_02.png","scaleY":0.8,"scaleX":0.8,"rotation":-45,"pivotY":140,"pivotX":51,"height":140},"compId":55},{"type":"Image","props":{"y":306,"x":92,"width":105,"skin":"Game/UI/Game/SceneStyle_01/botany_03.png","scaleY":0.9,"scaleX":0.9,"rotation":-122,"pivotY":163,"pivotX":53,"height":163},"compId":57},{"type":"Image","props":{"y":163.5,"x":375.5,"width":101,"skin":"Game/UI/Game/SceneStyle_01/botany_02.png","scaleY":0.8,"scaleX":0.8,"rotation":71,"pivotY":140,"pivotX":51,"height":140},"compId":58},{"type":"Image","props":{"y":352,"x":322,"width":105,"skin":"Game/UI/Game/SceneStyle_01/botany_03.png","scaleY":0.8,"scaleX":0.8,"rotation":141,"pivotY":163,"pivotX":53,"height":163},"compId":60}]},{"type":"Image","props":{"y":225,"x":225,"width":403,"skin":"Game/UI/Game/SceneStyle_01/land.png","pivotY":202,"pivotX":202,"name":"Land","height":404},"compId":45},{"type":"Image","props":{"y":23,"x":23,"width":427,"var":"FrontScenery","name":"FrontScenery","height":449},"compId":46,"child":[{"type":"Image","props":{"y":157,"x":28,"width":61,"skin":"Game/UI/Game/SceneStyle_01/stone_01.png","rotation":-77,"pivotY":21,"pivotX":31,"name":"Stone","height":50},"compId":47}]},{"type":"Image","props":{"y":50,"x":47,"width":351,"var":"MobileFrame","name":"MobileFrame","height":351},"compId":61}]},{"type":"Image","props":{"y":358,"x":360,"width":94,"var":"Heroine","skin":"Game/UI/Game/Heroine/heroine_01.png","pivotY":42,"pivotX":47,"name":"Heroine","height":84},"compId":31},{"type":"Image","props":{"y":0,"x":360,"width":360,"var":"WeaponOperation","sizeGrid":"10,8,14,8","name":"WeaponOperation","height":1280,"alpha":1},"compId":65},{"type":"Image","props":{"y":0,"x":0,"width":360,"var":"AimOperation","sizeGrid":"8,11,16,8","name":"AimOperation","height":1280,"alpha":1},"compId":67},{"type":"Image","props":{"y":1062,"x":368,"width":145,"var":"HeroContent","pivotY":71,"pivotX":73,"name":"HeroContent","height":142},"compId":32,"child":[{"type":"Image","props":{"y":50,"x":73.5,"width":241,"var":"Aim","pivotY":139,"pivotX":121,"name":"Aim","height":85},"compId":62,"child":[{"type":"Image","props":{"var":"Bow","skin":"Game/UI/Game/Hero/Hero_01_bow_normalc.png","name":"Bow","centerY":17,"centerX":0},"compId":78},{"type":"Image","props":{"y":28,"x":120.5,"width":90,"var":"Fulcrum","pivotY":35,"pivotX":45,"name":"Fulcrum","height":70},"compId":74}]},{"type":"Image","props":{"y":66,"x":74,"width":118,"var":"Hero","skin":"Game/UI/Game/Hero/Hero_01.png","pivotY":62,"pivotX":59,"name":"Hero","height":123},"compId":48},{"type":"Image","props":{"y":-106,"x":-105,"width":360,"var":"WeaponParent","name":"WeaponParent","height":369},"compId":49},{"type":"Image","props":{"y":-4,"x":23,"width":104,"var":"Blood","skin":"Lwg/UI/ui_l_orthogon_white.png","sizeGrid":"10,20,12,16","name":"Blood","height":16},"compId":76,"child":[{"type":"Image","props":{"y":2,"x":2,"width":100,"skin":"Lwg/UI/ui_orthogon_green.png","sizeGrid":"1,1,1,1","height":12},"compId":77}]}]},{"type":"Image","props":{"y":880,"x":650,"width":109,"var":"BtnCancel","skin":"Lwg/UI/ui_circle_c_007.png","pivotY":56,"pivotX":55,"name":"BtnCancel","height":111,"alpha":0.52},"compId":91,"child":[{"type":"Label","props":{"width":59,"valign":"middle","text":"取消","height":32,"fontSize":30,"centerY":0,"centerX":0,"bold":true,"align":"center"},"compId":92}]}],"loadList":["Game/UI/Game/SceneStyle_01/Bg.png","Game/UI/Game/SceneStyle_01/yun_01.png","Game/UI/Game/SceneStyle_01/yun_02.png","Game/UI/Game/SceneStyle_01/botany_01.png","Game/UI/Game/Enemy/enemy_01_blue.png","Game/UI/Game/Enemy/shell.png","Game/UI/Game/Enemy/enemy_01_yellow.png","Game/UI/Game/Enemy/enemy_01_red.png","Game/UI/Game/SceneStyle_01/botany_02.png","Game/UI/Game/SceneStyle_01/botany_03.png","Game/UI/Game/SceneStyle_01/land.png","Game/UI/Game/SceneStyle_01/stone_01.png","Game/UI/Game/Heroine/heroine_01.png","Game/UI/Game/Hero/Hero_01_bow_normalc.png","Game/UI/Game/Hero/Hero_01.png","Lwg/UI/ui_l_orthogon_white.png","Lwg/UI/ui_orthogon_green.png","Lwg/UI/ui_circle_c_007.png"],"loadList3D":[]}