{"type":"View","props":{"width":720,"height":1280},"compId":2,"child":[{"type":"Image","props":{"y":0,"x":0,"var":"Background","skin":"Game/UI/Common/bj.png","sizeGrid":"841,0,374,0","name":"Background"},"compId":29},{"type":"Image","props":{"y":1055,"width":481,"var":"ProgressBoard","skin":"Game/UI/PreLoad/jdk.png","pivotY":17,"pivotX":241,"name":"ProgressBoard","height":33,"centerX":0},"compId":14,"child":[{"type":"Image","props":{"y":7,"x":12,"width":455,"var":"Progress","skin":"Game/UI/PreLoad/jindutiao.png","sizeGrid":"0,68,0,95","name":"Progress","height":19},"compId":15,"child":[{"type":"Image","props":{"y":0,"x":-455,"width":455,"var":"Bar","skin":"Game/UI/PreLoad/jindutiao.png","sizeGrid":"0,14,0,27","renderType":"mask","name":"Bar"},"compId":16}]}]},{"type":"Image","props":{"width":612,"var":"Tag","name":"Tag","height":100,"centerX":0,"bottom":30},"compId":19,"child":[{"type":"Label","props":{"y":71,"x":0,"width":609,"text":"软著登记号：2020SR0726637       Powered by LayaAir Engine","height":27,"fontSize":22,"color":"#eab499"},"compId":21}]},{"type":"Image","props":{"y":595,"x":375,"width":312,"skin":"Game/UI/PreLoad/ty.png","pivotY":160,"pivotX":156,"height":319},"compId":22,"child":[{"type":"Image","props":{"y":-80,"x":43,"width":43,"skin":"Lwg/UI/ui_orthogon_yellow.png","skewX":-30,"sizeGrid":"12,12,8,16","scaleX":1,"renderType":"mask","name":"Mask","height":500},"compId":27}]},{"type":"Image","props":{"y":183,"width":518,"skin":"Game/UI/PreLoad/tyxhs.png","height":146,"centerX":0},"compId":23,"child":[{"type":"Image","props":{"y":-75,"x":0,"width":30,"skin":"Lwg/UI/ui_orthogon_yellow.png","skewX":-30,"sizeGrid":"12,12,8,16","scaleX":1,"renderType":"mask","name":"Mask","height":319},"compId":28}]},{"type":"Label","props":{"y":1088,"x":147,"width":90,"var":"Percent","valign":"middle","text":"0%","strokeColor":"#79382b","stroke":4,"pivotY":19,"pivotX":45,"name":"Percent","height":38,"fontSize":20,"color":"#ffffff","align":"center"},"compId":25},{"type":"Image","props":{"y":564,"x":-66,"width":120,"var":"Brush","skin":"Game/UI/PreLoad/bi.png","rotation":0,"pivotY":59,"pivotX":60,"name":"Brush","height":117},"compId":17}],"animations":[{"nodes":[{"target":17,"keyframes":{"y":[{"value":607,"tweenMethod":"linearNone","tween":true,"target":17,"key":"y","index":0},{"value":437,"tweenMethod":"linearNone","tween":true,"target":17,"key":"y","index":5},{"value":564,"tweenMethod":"linearNone","tween":true,"target":17,"label":null,"key":"y","index":15},{"value":564,"tweenMethod":"linearNone","tween":true,"target":17,"label":null,"key":"y","index":20},{"value":450,"tweenMethod":"linearNone","tween":true,"target":17,"label":null,"key":"y","index":25},{"value":564,"tweenMethod":"linearNone","tween":true,"target":17,"label":null,"key":"y","index":35},{"value":564,"tweenMethod":"linearNone","tween":true,"target":17,"label":null,"key":"y","index":40},{"value":450,"tweenMethod":"linearNone","tween":true,"target":17,"label":null,"key":"y","index":45},{"value":564,"tweenMethod":"linearNone","tween":true,"target":17,"label":null,"key":"y","index":55},{"value":564,"tweenMethod":"linearNone","tween":true,"target":17,"label":null,"key":"y","index":60},{"value":450,"tweenMethod":"linearNone","tween":true,"target":17,"label":null,"key":"y","index":65},{"value":564,"tweenMethod":"linearNone","tween":true,"target":17,"key":"y","index":75},{"value":564,"tweenMethod":"linearNone","tween":true,"target":17,"label":null,"key":"y","index":80},{"value":564,"tweenMethod":"linearNone","tween":true,"target":17,"key":"y","index":105},{"value":521,"tweenMethod":"linearNone","tween":true,"target":17,"key":"y","index":106},{"value":149,"tweenMethod":"linearNone","tween":true,"target":17,"label":null,"key":"y","index":125},{"value":149,"tweenMethod":"linearNone","tween":true,"target":17,"key":"y","index":135},{"value":304,"tweenMethod":"linearNone","tween":true,"target":17,"key":"y","index":145},{"value":193,"tweenMethod":"linearNone","tween":true,"target":17,"key":"y","index":155},{"value":294,"tweenMethod":"linearNone","tween":true,"target":17,"key":"y","index":165},{"value":207.5,"tweenMethod":"linearNone","tween":true,"target":17,"key":"y","index":175},{"value":307,"tweenMethod":"linearNone","tween":true,"target":17,"key":"y","index":185},{"value":193,"tweenMethod":"linearNone","tween":true,"target":17,"key":"y","index":195},{"value":296,"tweenMethod":"linearNone","tween":true,"target":17,"key":"y","index":205},{"value":479.5,"tweenMethod":"linearNone","tween":true,"target":17,"key":"y","index":225},{"value":582.5,"tweenMethod":"linearNone","tween":true,"target":17,"key":"y","index":235},{"value":479.5,"tweenMethod":"linearNone","tween":true,"target":17,"key":"y","index":245},{"value":671,"tweenMethod":"linearNone","tween":true,"target":17,"key":"y","index":255},{"value":525,"tweenMethod":"linearNone","tween":true,"target":17,"key":"y","index":265},{"value":724,"tweenMethod":"linearNone","tween":true,"target":17,"key":"y","index":275},{"value":611,"tweenMethod":"linearNone","tween":true,"target":17,"key":"y","index":285},{"value":1056,"tweenMethod":"linearNone","tween":true,"target":17,"key":"y","index":304},{"value":1064,"tweenMethod":"linearNone","tween":true,"target":17,"label":null,"key":"y","index":305},{"value":1064,"tweenMethod":"linearNone","tween":true,"target":17,"label":null,"key":"y","index":315},{"value":1046.6716417910447,"tweenMethod":"linearNone","tween":true,"target":17,"key":"y","index":325},{"value":1065.5,"tweenMethod":"linearNone","tween":true,"target":17,"key":"y","index":335},{"value":1046.5,"tweenMethod":"linearNone","tween":true,"target":17,"key":"y","index":345},{"value":1065.5,"tweenMethod":"linearNone","tween":true,"target":17,"key":"y","index":355},{"value":1045,"tweenMethod":"linearNone","tween":true,"target":17,"key":"y","index":365},{"value":1055,"tweenMethod":"linearNone","tween":true,"target":17,"key":"y","index":375},{"value":1056.5,"tweenMethod":"linearNone","tween":true,"target":17,"key":"y","index":385}],"x":[{"value":-66,"tweenMethod":"linearNone","tween":true,"target":17,"key":"x","index":0},{"value":14.875,"tweenMethod":"linearNone","tween":true,"target":17,"key":"x","index":15},{"value":41.42307692307692,"tweenMethod":"linearNone","tween":true,"target":17,"key":"x","index":20},{"value":121.0673076923077,"tweenMethod":"linearNone","tween":true,"target":17,"key":"x","index":35},{"value":147.6153846153846,"tweenMethod":"linearNone","tween":true,"target":17,"key":"x","index":40},{"value":227.2596153846154,"tweenMethod":"linearNone","tween":true,"target":17,"key":"x","index":55},{"value":253.80769230769232,"tweenMethod":"linearNone","tween":true,"target":17,"key":"x","index":60},{"value":360,"tweenMethod":"linearNone","tween":true,"target":17,"key":"x","index":75},{"value":360,"tweenMethod":"linearNone","tween":true,"target":17,"label":null,"key":"x","index":80},{"value":360,"tweenMethod":"linearNone","tween":true,"target":17,"key":"x","index":105},{"value":360,"tweenMethod":"linearNone","tween":true,"target":17,"key":"x","index":106},{"value":147,"tweenMethod":"linearNone","tween":true,"target":17,"label":null,"key":"x","index":125},{"value":147,"tweenMethod":"linearNone","tween":true,"target":17,"key":"x","index":135},{"value":159,"tweenMethod":"linearNone","tween":true,"target":17,"key":"x","index":145},{"value":313,"tweenMethod":"linearNone","tween":true,"target":17,"key":"x","index":155},{"value":352,"tweenMethod":"linearNone","tween":true,"target":17,"key":"x","index":165},{"value":495,"tweenMethod":"linearNone","tween":true,"target":17,"key":"x","index":175},{"value":546,"tweenMethod":"linearNone","tween":true,"target":17,"key":"x","index":185},{"value":666,"tweenMethod":"linearNone","tween":true,"target":17,"key":"x","index":195},{"value":632,"tweenMethod":"linearNone","tween":true,"target":17,"key":"x","index":205},{"value":300,"tweenMethod":"linearNone","tween":true,"target":17,"key":"x","index":225},{"value":253,"tweenMethod":"linearNone","tween":true,"target":17,"key":"x","index":235},{"value":411,"tweenMethod":"linearNone","tween":true,"target":17,"key":"x","index":245},{"value":360,"tweenMethod":"linearNone","tween":true,"target":17,"key":"x","index":255},{"value":522,"tweenMethod":"linearNone","tween":true,"target":17,"key":"x","index":265},{"value":497,"tweenMethod":"linearNone","tween":true,"target":17,"key":"x","index":275},{"value":584,"tweenMethod":"linearNone","tween":true,"target":17,"key":"x","index":285},{"value":177,"tweenMethod":"linearNone","tween":true,"target":17,"key":"x","index":304},{"value":132,"tweenMethod":"linearNone","tween":true,"target":17,"label":null,"key":"x","index":305},{"value":132,"tweenMethod":"linearNone","tween":true,"target":17,"label":null,"key":"x","index":315},{"value":260,"tweenMethod":"linearNone","tween":true,"target":17,"key":"x","index":335},{"value":330.56716417910445,"tweenMethod":"linearNone","tween":true,"target":17,"key":"x","index":345},{"value":393,"tweenMethod":"linearNone","tween":true,"target":17,"key":"x","index":355},{"value":463.6119402985075,"tweenMethod":"linearNone","tween":true,"target":17,"key":"x","index":365},{"value":528,"tweenMethod":"linearNone","tween":true,"target":17,"key":"x","index":375},{"value":592,"tweenMethod":"linearNone","tween":true,"target":17,"label":"compelet","key":"x","index":385}],"scaleY":[{"value":1,"tweenMethod":"linearNone","tween":true,"target":17,"key":"scaleY","index":0},{"value":1,"tweenMethod":"linearNone","tween":true,"target":17,"label":null,"key":"scaleY","index":15},{"value":0.8,"tweenMethod":"linearNone","tween":true,"target":17,"label":null,"key":"scaleY","index":17},{"value":1,"tweenMethod":"linearNone","tween":true,"target":17,"label":null,"key":"scaleY","index":20},{"value":1.1,"tweenMethod":"linearNone","tween":true,"target":17,"label":null,"key":"scaleY","index":22},{"value":1,"tweenMethod":"linearNone","tween":true,"target":17,"label":null,"key":"scaleY","index":25},{"value":1,"tweenMethod":"linearNone","tween":true,"target":17,"key":"scaleY","index":35},{"value":0.8,"tweenMethod":"linearNone","tween":true,"target":17,"key":"scaleY","index":37},{"value":1,"tweenMethod":"linearNone","tween":true,"target":17,"key":"scaleY","index":40},{"value":1.1,"tweenMethod":"linearNone","tween":true,"target":17,"key":"scaleY","index":42},{"value":1,"tweenMethod":"linearNone","tween":true,"target":17,"key":"scaleY","index":45},{"value":1,"tweenMethod":"linearNone","tween":true,"target":17,"label":null,"key":"scaleY","index":55},{"value":0.8,"tweenMethod":"linearNone","tween":true,"target":17,"label":null,"key":"scaleY","index":57},{"value":1,"tweenMethod":"linearNone","tween":true,"target":17,"label":null,"key":"scaleY","index":60},{"value":1.1,"tweenMethod":"linearNone","tween":true,"target":17,"label":null,"key":"scaleY","index":62},{"value":1,"tweenMethod":"linearNone","tween":true,"target":17,"label":null,"key":"scaleY","index":65}],"rotation":[{"value":0,"tweenMethod":"linearNone","tween":true,"target":17,"key":"rotation","index":0},{"value":27,"tweenMethod":"linearNone","tween":true,"target":17,"key":"rotation","index":5},{"value":-22,"tweenMethod":"linearNone","tween":true,"target":17,"key":"rotation","index":10},{"value":-17,"tweenMethod":"linearNone","tween":true,"target":17,"label":null,"key":"rotation","index":15},{"value":12,"tweenMethod":"linearNone","tween":true,"target":17,"label":null,"key":"rotation","index":20},{"value":27,"tweenMethod":"linearNone","tween":true,"target":17,"label":null,"key":"rotation","index":25},{"value":-20,"tweenMethod":"linearNone","tween":true,"target":17,"key":"rotation","index":30},{"value":-17,"tweenMethod":"linearNone","tween":true,"target":17,"label":null,"key":"rotation","index":35},{"value":12,"tweenMethod":"linearNone","tween":true,"target":17,"label":null,"key":"rotation","index":40},{"value":27,"tweenMethod":"linearNone","tween":true,"target":17,"label":null,"key":"rotation","index":45},{"value":-12,"tweenMethod":"linearNone","tween":true,"target":17,"key":"rotation","index":50},{"value":-17,"tweenMethod":"linearNone","tween":true,"target":17,"label":null,"key":"rotation","index":55},{"value":12,"tweenMethod":"linearNone","tween":true,"target":17,"label":null,"key":"rotation","index":60},{"value":27,"tweenMethod":"linearNone","tween":true,"target":17,"label":null,"key":"rotation","index":65},{"value":-13,"tweenMethod":"linearNone","tween":true,"target":17,"key":"rotation","index":70},{"value":4,"tweenMethod":"linearNone","tween":true,"target":17,"key":"rotation","index":80},{"value":0,"tweenMethod":"linearNone","tween":true,"target":17,"key":"rotation","index":85},{"value":0,"tweenMethod":"linearNone","tween":true,"target":17,"key":"rotation","index":106},{"value":574,"tweenMethod":"linearNone","tween":true,"target":17,"label":null,"key":"rotation","index":125},{"value":574,"tweenMethod":"linearNone","tween":true,"target":17,"key":"rotation","index":135},{"value":574,"tweenMethod":"linearNone","tween":true,"target":17,"key":"rotation","index":205},{"value":-142,"tweenMethod":"linearNone","tween":true,"target":17,"key":"rotation","index":225},{"value":-142,"tweenMethod":"linearNone","tween":true,"target":17,"key":"rotation","index":275},{"value":-142,"tweenMethod":"linearNone","tween":true,"target":17,"key":"rotation","index":285},{"value":578,"tweenMethod":"linearNone","tween":true,"target":17,"label":null,"key":"rotation","index":305},{"value":578,"tweenMethod":"linearNone","tween":true,"target":17,"label":null,"key":"rotation","index":315},{"value":531,"tweenMethod":"linearNone","tween":true,"target":17,"key":"rotation","index":325},{"value":580,"tweenMethod":"linearNone","tween":true,"target":17,"key":"rotation","index":335},{"value":531,"tweenMethod":"linearNone","tween":true,"target":17,"label":null,"key":"rotation","index":345},{"value":580,"tweenMethod":"linearNone","tween":true,"target":17,"label":null,"key":"rotation","index":355},{"value":531,"tweenMethod":"linearNone","tween":true,"target":17,"label":null,"key":"rotation","index":365},{"value":580,"tweenMethod":"linearNone","tween":true,"target":17,"label":null,"key":"rotation","index":375},{"value":578,"tweenMethod":"linearNone","tween":true,"target":17,"key":"rotation","index":385},{"value":557,"tweenMethod":"linearNone","tween":true,"target":17,"key":"rotation","index":395},{"value":581,"tweenMethod":"linearNone","tween":true,"target":17,"key":"rotation","index":405},{"value":556,"tweenMethod":"linearNone","tween":true,"target":17,"key":"rotation","index":415},{"value":571,"tweenMethod":"linearNone","tween":true,"target":17,"key":"rotation","index":425},{"value":557,"tweenMethod":"linearNone","tween":true,"target":17,"label":null,"key":"rotation","index":435},{"value":581,"tweenMethod":"linearNone","tween":true,"target":17,"label":null,"key":"rotation","index":445},{"value":557,"tweenMethod":"linearNone","tween":true,"target":17,"label":null,"key":"rotation","index":455},{"value":581,"tweenMethod":"linearNone","tween":true,"target":17,"label":null,"key":"rotation","index":465},{"value":557,"tweenMethod":"linearNone","tween":true,"target":17,"label":null,"key":"rotation","index":475},{"value":581,"tweenMethod":"linearNone","tween":true,"target":17,"label":null,"key":"rotation","index":485},{"value":557,"tweenMethod":"linearNone","tween":true,"target":17,"label":null,"key":"rotation","index":495},{"value":581,"tweenMethod":"linearNone","tween":true,"target":17,"label":null,"key":"rotation","index":505}],"pivotY":[{"value":102,"tweenMethod":"linearNone","tween":true,"target":17,"key":"pivotY","index":0},{"value":102,"tweenMethod":"linearNone","tween":true,"target":17,"key":"pivotY","index":105},{"value":59,"tweenMethod":"linearNone","tween":true,"target":17,"key":"pivotY","index":106},{"value":58,"tweenMethod":"linearNone","tween":true,"target":17,"key":"pivotY","index":285},{"value":58,"tweenMethod":"linearNone","tween":true,"target":17,"key":"pivotY","index":304},{"value":16,"tweenMethod":"linearNone","tween":true,"target":17,"label":null,"key":"pivotY","index":305},{"value":16,"tweenMethod":"linearNone","tween":true,"target":17,"label":null,"key":"pivotY","index":315}],"height":[{"value":117,"tweenMethod":"linearNone","tween":true,"target":17,"key":"height","index":0},{"value":115,"tweenMethod":"linearNone","tween":true,"target":17,"key":"height","index":185}]}},{"target":28,"keyframes":{"width":[{"value":30,"tweenMethod":"linearNone","tween":true,"target":28,"key":"width","index":0},{"value":31,"tweenMethod":"linearNone","tween":true,"target":28,"key":"width","index":135},{"value":700,"tweenMethod":"linearNone","tween":true,"target":28,"key":"width","index":205}]}},{"target":27,"keyframes":{"width":[{"value":43,"tweenMethod":"linearNone","tween":true,"target":27,"key":"width","index":0},{"value":44,"tweenMethod":"linearNone","tween":true,"target":27,"key":"width","index":225},{"value":500,"tweenMethod":"linearNone","tween":true,"target":27,"key":"width","index":285}]}},{"target":16,"keyframes":{"x":[{"value":-462,"tweenMethod":"linearNone","tween":true,"target":16,"key":"x","index":0},{"value":-465.0169491525424,"tweenMethod":"linearNone","tween":true,"target":16,"key":"x","index":225},{"value":-467,"tweenMethod":"linearNone","tween":true,"target":16,"key":"x","index":315},{"value":0,"tweenMethod":"linearNone","tween":true,"target":16,"key":"x","index":385}],"width":[{"value":455,"tweenMethod":"linearNone","tween":true,"target":16,"key":"width","index":0},{"value":460,"tweenMethod":"linearNone","tween":true,"target":16,"key":"width","index":385}]}},{"target":25,"keyframes":{"x":[{"value":147,"tweenMethod":"linearNone","tween":true,"target":25,"key":"x","index":0},{"value":147,"tweenMethod":"linearNone","tween":true,"target":25,"key":"x","index":315},{"value":586,"tweenMethod":"linearNone","tween":true,"target":25,"key":"x","index":385}],"text":[{"value":"0%","tweenMethod":"linearNone","tween":false,"target":25,"key":"text","index":0},{"value":"15%","tweenMethod":"linearNone","tween":false,"target":25,"key":"text","index":325},{"value":"30%","tweenMethod":"linearNone","tween":false,"target":25,"key":"text","index":335},{"value":"45%","tweenMethod":"linearNone","tween":false,"target":25,"key":"text","index":345},{"value":"60%","tweenMethod":"linearNone","tween":false,"target":25,"key":"text","index":355},{"value":"75%","tweenMethod":"linearNone","tween":false,"target":25,"key":"text","index":365},{"value":"90%","tweenMethod":"linearNone","tween":false,"target":25,"key":"text","index":375},{"value":"100%","tweenMethod":"linearNone","tween":false,"target":25,"key":"text","index":385}],"alpha":[{"value":0,"tweenMethod":"linearNone","tween":true,"target":25,"key":"alpha","index":0},{"value":0,"tweenMethod":"linearNone","tween":true,"target":25,"key":"alpha","index":305},{"value":1,"tweenMethod":"linearNone","tween":true,"target":25,"key":"alpha","index":315}]}},{"target":14,"keyframes":{"alpha":[{"value":0,"tweenMethod":"linearNone","tween":true,"target":14,"key":"alpha","index":0},{"value":0,"tweenMethod":"linearNone","tween":true,"target":14,"key":"alpha","index":305},{"value":1,"tweenMethod":"linearNone","tween":true,"target":14,"key":"alpha","index":315}]}},{"target":19,"keyframes":{"alpha":[{"value":0,"tweenMethod":"linearNone","tween":true,"target":19,"key":"alpha","index":0},{"value":0,"tweenMethod":"linearNone","tween":true,"target":19,"key":"alpha","index":290},{"value":1,"tweenMethod":"linearNone","tween":true,"target":19,"key":"alpha","index":295}]}},{"target":22,"keyframes":{"rotation":[{"value":0,"tweenMethod":"linearNone","tween":true,"target":22,"key":"rotation","index":0},{"value":0,"tweenMethod":"linearNone","tween":true,"target":22,"key":"rotation","index":295},{"value":30,"tweenMethod":"linearNone","tween":true,"target":22,"key":"rotation","index":390},{"value":-30,"tweenMethod":"linearNone","tween":true,"target":22,"key":"rotation","index":495}]}}],"name":"ani1","id":1,"frameRate":60,"action":0}],"loadList":["Game/UI/Common/bj.png","Game/UI/PreLoad/jdk.png","Game/UI/PreLoad/jindutiao.png","Game/UI/PreLoad/ty.png","Lwg/UI/ui_orthogon_yellow.png","Game/UI/PreLoad/tyxhs.png","Game/UI/PreLoad/bi.png"],"loadList3D":[]}