{"type":"List","props":{"y":0,"x":0,"width":443,"var":"PencilsList","spaceY":50,"spaceX":-5,"presetID":1,"name":"PencilsList","isPresetRoot":true,"height":282},"compId":45,"child":[{"type":"Box","props":{"y":146,"x":54,"width":89,"renderType":"render","presetID":2,"pivotY":127,"pivotX":45,"height":254},"compId":46,"child":[{"type":"Image","props":{"width":68,"skin":"Game/UI/GameScene/SinglePencils/blue.png","rotation":0,"presetID":3,"pivotY":125,"pivotX":34,"name":"Pic","height":249,"centerY":0,"centerX":0},"compId":31}]}],"loadList":["Game/UI/GameScene/SinglePencils/blue.png"],"loadList3D":[]}