{"type":"View","props":{"width":720,"height":1280},"compId":2,"child":[{"type":"Sprite","props":{"y":278,"x":157.5,"texture":"Game/UI/Victory/g.png"},"compId":3},{"type":"Sprite","props":{"y":52,"x":-499,"texture":"Game/UI/DesignPic/Victory.png"},"compId":4},{"type":"Sprite","props":{"y":450,"x":577,"texture":"Game/UI/Victory/tie.png"},"compId":6},{"type":"Sprite","props":{"y":463.5,"x":781,"texture":"Game/UI/Victory/ht.png"},"compId":7},{"type":"Sprite","props":{"y":528.5,"x":562.5,"texture":"Game/UI/Victory/lt.png"},"compId":8},{"type":"Sprite","props":{"y":483.5,"x":619,"texture":"Game/UI/Victory/pptt.png"},"compId":9}],"loadList":["Game/UI/Victory/g.png","Game/UI/DesignPic/Victory.png","Game/UI/Victory/tie.png","Game/UI/Victory/ht.png","Game/UI/Victory/lt.png","Game/UI/Victory/pptt.png"],"loadList3D":[]}