{"res/atlas/comp.atlas":["comp/",["btn_close.png","button.png","check_circle.png","checkbox.png","clip_num.png","clip_tree_arrow.png","clip_tree_folder.png","combobox.png","fontClip.png","fontClip_num.png","hscroll$bar.png","hscroll$down.png","hscroll$up.png","hscroll.png","hslider$bar.png","hslider.png","html.png","image.png","img_bg.png","img_bg2.png","img_bg3.png","img_bg4.png","img_bg5.png","img_blank.png","label.png","progress$bar.png","progress.png","radio.png","radiogroup.png","tab.png","textarea.png","textinput.png","vscroll$bar.png","vscroll$down.png","vscroll$up.png","vscroll.png","vslider$bar.png","vslider.png"]],"res/atlas/Frame/Effects.atlas":["Frame/Effects/",["aixin1.png","aixin2.png","aixin3.png","fangxingguang1.png","fangxingguang2.png","guangquan1.png","guangquan2.png","hua1.png","hua2.png","hua3.png","hua4.png","star1.png","star2.png","star3.png","star4.png","star5.png","star6.png","star7.png","xuehua1.png","yezi1.png","yuan1.png","yuanfaguang.png"]],"res/atlas/Frame/UI.atlas":["Frame/UI/",["icon_cusp.png","icon_execution.png","icon_gold.png","icon_hand.png","icon_set.png","reverseMask.png","ui_circle_001.png","ui_circle_002.png","ui_circle_003.png","ui_circle_004.png","ui_circle_005.png","ui_circle_006.png","ui_circle_007.png","ui_circle_008.png","ui_circle_009.png","ui_circle_010.png","ui_circle_011.png","ui_circle_012.png","ui_circle_c_001.png","ui_circle_c_002.png","ui_circle_c_003.png","ui_circle_c_004.png","ui_circle_c_005.png","ui_circle_c_006.png","ui_circle_c_007.png","ui_circle_c_008.png","ui_circle_c_009.png","ui_circle_c_010.png","ui_circle_c_011.png","ui_circle_c_012.png","ui_l_orthogon_blue.png","ui_l_orthogon_cycn.png","ui_l_orthogon_green.png","ui_l_orthogon_magenta.png","ui_l_orthogon_orange.png","ui_l_orthogon_purple.png","ui_l_orthogon_red.png","ui_l_orthogon_white.png","ui_l_orthogon_yellow.png","ui_orthogon_black.png","ui_orthogon_black_0.7.png","ui_orthogon_cycn.png","ui_orthogon_green.png","ui_orthogon_magenta.png","ui_orthogon_orange.png","ui_orthogon_purple.png","ui_orthogon_red.png","ui_orthogon_white.png","ui_orthogon_yellow.png","ui_square_001.png","ui_square_002.png","ui_square_003.png","ui_square_004.png","ui_square_005.png","ui_square_006.png","ui_square_008.png","ui_square_010.png","ui_square_011.png","ui_square_012.png","ui_square_c_001.png","ui_square_c_002.png","ui_square_c_003.png","ui_square_c_004.png","ui_square_c_005.png","ui_square_c_006.png","ui_square_c_007.png","ui_square_c_008.png","ui_square_c_009.png","ui_square_c_010.png","ui_square_c_011.png"]],"res/atlas/Game/UI/Common.atlas":["Game/UI/Common/",["a.png","jb.png","lan.png","zan.png"]],"res/atlas/Game/UI/Game/Enemy.atlas":["Game/UI/Game/Enemy/",["enemy_01_blue.png","enemy_01_red.png","enemy_01_yellow.png","shell.png"]],"res/atlas/Game/UI/Game/Hero.atlas":["Game/UI/Game/Hero/",["Hero_01.png","Hero_01_bow_blue.png","Hero_01_bow_normalc.png","Hero_01_bow_red.png","Hero_01_bow_yellow.png","Hero_01_weapon_blue.png","Hero_01_weapon_red.png","Hero_01_weapon_yellow.png"]],"res/atlas/Game/UI/Game/Heroine.atlas":["Game/UI/Game/Heroine/",["heroine_01.png"]],"res/atlas/Game/UI/Game/SceneStyle_01.atlas":["Game/UI/Game/SceneStyle_01/",["botany_01.png","botany_02.png","botany_03.png","land.png","stone_01.png","yun_01.png","yun_02.png"]],"res/atlas/Game/UI/Game.atlas":["Game/UI/Game/",["aim.png"]],"res/atlas/Game/UI/PreLoad.atlas":["Game/UI/PreLoad/",["baifenbi.png","bi.png","jdk.png","jindutiao.png","ty.png"]],"res/atlas/Game/UI/PropTry.atlas":["Game/UI/PropTry/",["an.png","c.png","djkb.png","kgg.png","kxy.png","pfsy.png","qd.png","sp.png","sxy.png"]],"res/atlas/Game/UI/SelectLevel/IconDress.atlas":["Game/UI/SelectLevel/IconDress/",["bi.png","bz.png","shu.png"]],"res/atlas/Game/UI/SelectLevel/Name.atlas":["Game/UI/SelectLevel/Name/",["dinglaotai.png","dinglaotou.png","haitun.png","maomaochong.png","maotouying.png","wanshengnangua.png","wugui.png","xiaohonghua.png","xiaohuamao.png","xiaonainiu.png","xiaoqiche.png","zhangyugege.png"]],"res/atlas/Game/UI/SelectLevel.atlas":["Game/UI/SelectLevel/",["an1.png","anb.png","dw.png","dwdi.png","dyxd.png","e.png","hf.png","hong.png","huang.png","jb.png","jiu.png","ks.png","qt.png","sp.png","suo.png","xianlu1.png","xianlu2.png","y.png","yuan.png","zhiwu.png","zhiwudi.png"]],"res/atlas/Game/UI/Set.atlas":["Game/UI/Set/",["di1.png","di2.png","guan.png","kai.png","shehzi.png","yinxiao.png","yinyue.png","zhendong.png"]],"res/atlas/Game/UI/Settle.atlas":["Game/UI/Settle/",["an.png","an1.png","an2.png","an3.png","fx.png","g.png","jb.png","jx.png","s.png","sz.png","x.png","y.png"]],"res/atlas/Game/UI/Share.atlas":["Game/UI/Share/",["an.png","fx.png","jx.png","spfx.png"]],"res/atlas/Game/UI/Special.atlas":["Game/UI/Special/",["an.png","an1.png","cj.png","h.png","jb.png","kr.png","sp.png","sz.png","tsmj.png","x.png"]],"res/atlas/Game/UI/Start.atlas":["Game/UI/Start/",["an.png","an1.png","cd.png","dh.png","gqan.png","hf.png","jb.png","ksyx.png","sz.png","xd.png"]],"res/atlas/Game/UI/Victory.atlas":["Game/UI/Victory/",["an.png","g.png","gxwc.png","ht.png","jb.png","jmjl.png","lt.png","pptt.png","sblq.png","sbml.png","sz.png","tie.png","xyg.png"]],"res/atlas/Lwg/Effects.atlas":["Lwg/Effects/",["aixin1.png","aixin2.png","aixin3.png","fangxingguang1.png","fangxingguang2.png","guangquan1.png","guangquan2.png","hua1.png","hua2.png","hua3.png","hua4.png","star1.png","star2.png","star3.png","star4.png","star5.png","star6.png","star7.png","xuehua1.png","yezi1.png","yuan1.png","yuanfaguang.png"]],"res/atlas/Lwg/UI.atlas":["Lwg/UI/",["icon_cusp.png","icon_execution.png","icon_gold.png","icon_hand.png","icon_set.png","reverseMask.png","ui_circle_001.png","ui_circle_002.png","ui_circle_003.png","ui_circle_004.png","ui_circle_005.png","ui_circle_006.png","ui_circle_007.png","ui_circle_008.png","ui_circle_009.png","ui_circle_010.png","ui_circle_011.png","ui_circle_012.png","ui_circle_c_001.png","ui_circle_c_002.png","ui_circle_c_003.png","ui_circle_c_004.png","ui_circle_c_005.png","ui_circle_c_006.png","ui_circle_c_007.png","ui_circle_c_008.png","ui_circle_c_009.png","ui_circle_c_010.png","ui_circle_c_011.png","ui_circle_c_012.png","ui_l_orthogon_blue.png","ui_l_orthogon_cycn.png","ui_l_orthogon_green.png","ui_l_orthogon_magenta.png","ui_l_orthogon_orange.png","ui_l_orthogon_purple.png","ui_l_orthogon_red.png","ui_l_orthogon_white.png","ui_l_orthogon_yellow.png","ui_orthogon_black.png","ui_orthogon_black_0.7.png","ui_orthogon_cycn.png","ui_orthogon_green.png","ui_orthogon_magenta.png","ui_orthogon_orange.png","ui_orthogon_purple.png","ui_orthogon_red.png","ui_orthogon_white.png","ui_orthogon_yellow.png","ui_square_001.png","ui_square_002.png","ui_square_003.png","ui_square_004.png","ui_square_005.png","ui_square_006.png","ui_square_008.png","ui_square_010.png","ui_square_011.png","ui_square_012.png","ui_square_c_001.png","ui_square_c_002.png","ui_square_c_003.png","ui_square_c_004.png","ui_square_c_005.png","ui_square_c_006.png","ui_square_c_007.png","ui_square_c_008.png","ui_square_c_009.png","ui_square_c_010.png","ui_square_c_011.png"]]}