{
  "description": "项目配置文件。",
  "setting": {
    "urlCheck": false,
    "es6": false,
    "postcss": true,
    "minified": false,
    "newFeature": true
  },
  "compileType": "game",
  "libVersion": "game",
  "appid": "wx4b12085c8c639b84",
  "projectname": "layaWXTest",
  "simulatorType": "wechat",
  "simulatorPluginLibVersion": {},
  "condition": {
    "search": {
      "list": []
    },
    "conversation": {
      "list": []
    },
    "game": {
      "currentL": -1,
      "list": []
    },
    "miniprogram": {
      "list": []
    }
  }
}